0, 30, 0, 60, 0, 30, -0
0, 30, 0, 60, 0, 30, -0
0, 30.0001, 0, 60.0001, 0, 30.0001, -0
0, 30.0002, 0, 60.0003, 0, 30.0002, -0
0, 30.0003, 0, 60.0006, 0, 30.0003, -0
0, 30.0004, 0, 60.0009, 0, 30.0004, -0
0, 30.0006, 0, 60.0013, 0, 30.0006, -0
0, 30.0009, 0, 60.0018, 0, 30.0009, -0
0, 30.0011, 0, 60.0023, 0, 30.0011, -0
0, 30.0015, 0, 60.0029, 0, 30.0015, -0
0, 30.0018, 0, 60.0036, 0, 30.0018, -0
0, 30.0022, 0, 60.0043, 0, 30.0022, -0
0, 30.0026, 0, 60.0052, 0, 30.0026, -0
0, 30.003, 0, 60.0061, 0, 30.003, -0
0, 30.0035, 0, 60.007, 0, 30.0035, -0
0, 30.004, 0, 60.0081, 0, 30.004, -0
0, 30.0046, 0, 60.0092, 0, 30.0046, -0
0, 30.0052, 0, 60.0103, 0, 30.0052, -0
0, 30.0058, 0, 60.0116, 0, 30.0058, -0
0, 30.0065, 0, 60.0129, 0, 30.0065, -0
0, 30.0072, 0, 60.0143, 0, 30.0072, -0
0, 30.0079, 0, 60.0158, 0, 30.0079, -0
0, 30.0087, 0, 60.0173, 0, 30.0087, -0
0, 30.0095, 0, 60.0189, 0, 30.0095, -0
0, 30.0103, 0, 60.0206, 0, 30.0103, -0
0, 30.0112, 0, 60.0224, 0, 30.0112, -0
0, 30.0121, 0, 60.0242, 0, 30.0121, -0
0, 30.0131, 0, 60.0261, 0, 30.0131, -0
0, 30.014, 0, 60.0281, 0, 30.014, -0
0, 30.0151, 0, 60.0301, 0, 30.0151, -0
0, 30.0161, 0, 60.0322, 0, 30.0161, -0
0, 30.0172, 0, 60.0344, 0, 30.0172, -0
0, 30.0183, 0, 60.0367, 0, 30.0183, -0
0, 30.0195, 0, 60.039, 0, 30.0195, -0
0, 30.0207, 0, 60.0414, 0, 30.0207, -0
0, 30.0219, 0, 60.0439, 0, 30.0219, -0
0, 30.0232, 0, 60.0464, 0, 30.0232, -0
0, 30.0245, 0, 60.049, 0, 30.0245, -0
0, 30.0258, 0, 60.0517, 0, 30.0258, -0
0, 30.0272, 0, 60.0544, 0, 30.0272, -0
0, 30.0286, 0, 60.0573, 0, 30.0286, -0
0, 30.0301, 0, 60.0602, 0, 30.0301, -0
0, 30.0316, 0, 60.0631, 0, 30.0316, -0
0, 30.0331, 0, 60.0662, 0, 30.0331, -0
0, 30.0346, 0, 60.0693, 0, 30.0346, -0
0, 30.0362, 0, 60.0725, 0, 30.0362, -0
0, 30.0379, 0, 60.0757, 0, 30.0379, -0
0, 30.0395, 0, 60.0791, 0, 30.0395, -0
0, 30.0412, 0, 60.0825, 0, 30.0412, -0
0, 30.043, 0, 60.0859, 0, 30.043, -0
0, 30.0447, 0, 60.0895, 0, 30.0447, -0
0, 30.0465, 0, 60.0931, 0, 30.0465, -0
0, 30.0484, 0, 60.0968, 0, 30.0484, -0
0, 30.0503, 0, 60.1005, 0, 30.0503, -0
0, 30.0522, 0, 60.1043, 0, 30.0522, -0
0, 30.0541, 0, 60.1082, 0, 30.0541, -0
0, 30.0561, 0, 60.1122, 0, 30.0561, -0
0, 30.0581, 0, 60.1162, 0, 30.0581, -0
0, 30.0602, 0, 60.1204, 0, 30.0602, -0
0, 30.0623, 0, 60.1245, 0, 30.0623, -0
0, 30.0644, 0, 60.1288, 0, 30.0644, -0
0, 30.0666, 0, 60.1331, 0, 30.0666, -0
0, 30.0688, 0, 60.1375, 0, 30.0688, -0
0, 30.071, 0, 60.142, 0, 30.071, -0
0, 30.0733, 0, 60.1465, 0, 30.0733, -0
0, 30.0756, 0, 60.1511, 0, 30.0756, -0
0, 30.0779, 0, 60.1558, 0, 30.0779, -0
0, 30.0803, 0, 60.1606, 0, 30.0803, -0
0, 30.0827, 0, 60.1654, 0, 30.0827, -0
0, 30.0851, 0, 60.1703, 0, 30.0851, -0
0, 30.0876, 0, 60.1752, 0, 30.0876, -0
0, 30.0901, 0, 60.1803, 0, 30.0901, -0
0, 30.0927, 0, 60.1854, 0, 30.0927, -0
0, 30.0953, 0, 60.1906, 0, 30.0953, -0
0, 30.0979, 0, 60.1958, 0, 30.0979, -0
0, 30.1006, 0, 60.2011, 0, 30.1006, -0
0, 30.1033, 0, 60.2065, 0, 30.1033, -0
0, 30.106, 0, 60.212, 0, 30.106, -0
0, 30.1088, 0, 60.2175, 0, 30.1088, -0
0, 30.1116, 0, 60.2231, 0, 30.1116, -0
0, 30.1144, 0, 60.2288, 0, 30.1144, -0
0, 30.1173, 0, 60.2345, 0, 30.1173, -0
0, 30.1202, 0, 60.2403, 0, 30.1202, -0
0, 30.1231, 0, 60.2462, 0, 30.1231, -0
0, 30.1261, 0, 60.2522, 0, 30.1261, -0
0, 30.1291, 0, 60.2582, 0, 30.1291, -0
0, 30.1322, 0, 60.2643, 0, 30.1322, -0
0, 30.1352, 0, 60.2705, 0, 30.1352, -0
0, 30.1384, 0, 60.2767, 0, 30.1384, -0
0, 30.1415, 0, 60.283, 0, 30.1415, -0
0, 30.1447, 0, 60.2894, 0, 30.1447, -0
0, 30.1479, 0, 60.2959, 0, 30.1479, -0
0, 30.1512, 0, 60.3024, 0, 30.1512, -0
0, 30.1545, 0, 60.309, 0, 30.1545, -0
0, 30.1578, 0, 60.3157, 0, 30.1578, -0
0, 30.1612, 0, 60.3224, 0, 30.1612, -0
0, 30.1646, 0, 60.3292, 0, 30.1646, -0
0, 30.168, 0, 60.3361, 0, 30.168, -0
0, 30.1715, 0, 60.343, 0, 30.1715, -0
0, 30.175, 0, 60.35, 0, 30.175, -0
0, 30.1786, 0, 60.3571, 0, 30.1786, -0
0, 30.1821, 0, 60.3643, 0, 30.1821, -0
0, 30.1858, 0, 60.3715, 0, 30.1858, -0
0, 30.1894, 0, 60.3788, 0, 30.1894, -0
0, 30.1931, 0, 60.3862, 0, 30.1931, -0
0, 30.1968, 0, 60.3936, 0, 30.1968, -0
0, 30.2006, 0, 60.4011, 0, 30.2006, -0
0, 30.2044, 0, 60.4087, 0, 30.2044, -0
0, 30.2082, 0, 60.4164, 0, 30.2082, -0
0, 30.212, 0, 60.4241, 0, 30.212, -0
0, 30.2159, 0, 60.4319, 0, 30.2159, -0
0, 30.2199, 0, 60.4398, 0, 30.2199, -0
0, 30.2238, 0, 60.4477, 0, 30.2238, -0
0, 30.2278, 0, 60.4557, 0, 30.2278, -0
0, 30.2319, 0, 60.4638, 0, 30.2319, -0
0, 30.236, 0, 60.4719, 0, 30.236, -0
0, 30.2401, 0, 60.4801, 0, 30.2401, -0
0, 30.2442, 0, 60.4884, 0, 30.2442, -0
0, 30.2484, 0, 60.4968, 0, 30.2484, -0
0, 30.2526, 0, 60.5052, 0, 30.2526, -0
0, 30.2568, 0, 60.5137, 0, 30.2568, -0
0, 30.2611, 0, 60.5222, 0, 30.2611, -0
0, 30.2654, 0, 60.5309, 0, 30.2654, -0
0, 30.2698, 0, 60.5396, 0, 30.2698, -0
0, 30.2742, 0, 60.5483, 0, 30.2742, -0
0, 30.2786, 0, 60.5572, 0, 30.2786, -0
0, 30.283, 0, 60.5661, 0, 30.283, -0
0, 30.2875, 0, 60.5751, 0, 30.2875, -0
0, 30.2921, 0, 60.5841, 0, 30.2921, -0
0, 30.2966, 0, 60.5933, 0, 30.2966, -0
0, 30.3012, 0, 60.6024, 0, 30.3012, -0
0, 30.3059, 0, 60.6117, 0, 30.3059, -0
0, 30.3105, 0, 60.621, 0, 30.3105, -0
0, 30.3152, 0, 60.6304, 0, 30.3152, -0
0, 30.32, 0, 60.6399, 0, 30.32, -0
0, 30.3247, 0, 60.6495, 0, 30.3247, -0
0, 30.3295, 0, 60.6591, 0, 30.3295, -0
0, 30.3344, 0, 60.6687, 0, 30.3344, -0
0, 30.3392, 0, 60.6785, 0, 30.3392, -0
0, 30.3442, 0, 60.6883, 0, 30.3442, -0
0, 30.3491, 0, 60.6982, 0, 30.3491, -0
0, 30.3541, 0, 60.7082, 0, 30.3541, -0
0, 30.3591, 0, 60.7182, 0, 30.3591, -0
0, 30.3641, 0, 60.7283, 0, 30.3641, -0
0, 30.3692, 0, 60.7384, 0, 30.3692, -0
0, 30.3743, 0, 60.7487, 0, 30.3743, -0
0, 30.3795, 0, 60.759, 0, 30.3795, -0
0, 30.3847, 0, 60.7693, 0, 30.3847, -0
0, 30.3899, 0, 60.7798, 0, 30.3899, -0
0, 30.3952, 0, 60.7903, 0, 30.3952, -0
0, 30.4004, 0, 60.8009, 0, 30.4004, -0
0, 30.4058, 0, 60.8115, 0, 30.4058, -0
0, 30.4111, 0, 60.8222, 0, 30.4111, -0
0, 30.4165, 0, 60.833, 0, 30.4165, -0
0, 30.4219, 0, 60.8439, 0, 30.4219, -0
0, 30.4274, 0, 60.8548, 0, 30.4274, -0
0, 30.4329, 0, 60.8658, 0, 30.4329, -0
0, 30.4384, 0, 60.8769, 0, 30.4384, -0
0, 30.444, 0, 60.888, 0, 30.444, -0
0, 30.4496, 0, 60.8992, 0, 30.4496, -0
0, 30.4552, 0, 60.9105, 0, 30.4552, -0
0, 30.4609, 0, 60.9218, 0, 30.4609, -0
0, 30.4666, 0, 60.9332, 0, 30.4666, -0
0, 30.4723, 0, 60.9447, 0, 30.4723, -0
0, 30.4781, 0, 60.9562, 0, 30.4781, -0
0, 30.4839, 0, 60.9679, 0, 30.4839, -0
0, 30.4898, 0, 60.9795, 0, 30.4898, -0
0, 30.4956, 0, 60.9913, 0, 30.4956, -0
0, 30.5016, 0, 61.0031, 0, 30.5016, -0
0, 30.5075, 0, 61.015, 0, 30.5075, -0
0, 30.5135, 0, 61.0269, 0, 30.5135, -0
0, 30.5195, 0, 61.039, 0, 30.5195, -0
0, 30.5255, 0, 61.0511, 0, 30.5255, -0
0, 30.5316, 0, 61.0632, 0, 30.5316, -0
0, 30.5377, 0, 61.0755, 0, 30.5377, -0
0, 30.5439, 0, 61.0878, 0, 30.5439, -0
0, 30.5501, 0, 61.1001, 0, 30.5501, -0
0, 30.5563, 0, 61.1126, 0, 30.5563, -0
0, 30.5625, 0, 61.1251, 0, 30.5625, -0
0, 30.5688, 0, 61.1376, 0, 30.5688, -0
0, 30.5751, 0, 61.1503, 0, 30.5751, -0
0, 30.5815, 0, 61.163, 0, 30.5815, -0
0, 30.5879, 0, 61.1757, 0, 30.5879, -0
0, 30.5943, 0, 61.1886, 0, 30.5943, -0
0, 30.6007, 0, 61.2015, 0, 30.6007, -0
0, 30.6072, 0, 61.2145, 0, 30.6072, -0
0, 30.6138, 0, 61.2275, 0, 30.6138, -0
0, 30.6203, 0, 61.2406, 0, 30.6203, -0
0, 30.6269, 0, 61.2538, 0, 30.6269, -0
0, 30.6335, 0, 61.2671, 0, 30.6335, -0
0, 30.6402, 0, 61.2804, 0, 30.6402, -0
0, 30.6469, 0, 61.2938, 0, 30.6469, -0
0, 30.6536, 0, 61.3072, 0, 30.6536, -0
0, 30.6604, 0, 61.3207, 0, 30.6604, -0
0, 30.6672, 0, 61.3343, 0, 30.6672, -0
0, 30.674, 0, 61.348, 0, 30.674, -0
0, 30.6808, 0, 61.3617, 0, 30.6808, -0
0, 30.6877, 0, 61.3755, 0, 30.6877, -0
0, 30.6947, 0, 61.3893, 0, 30.6947, -0
0, 30.7016, 0, 61.4033, 0, 30.7016, -0
0, 30.7086, 0, 61.4173, 0, 30.7086, -0
0, 30.7157, 0, 61.4313, 0, 30.7157, -0
0, 30.7227, 0, 61.4454, 0, 30.7227, -0
0, 30.7298, 0, 61.4596, 0, 30.7298, -0
0, 30.7369, 0, 61.4739, 0, 30.7369, -0
0, 30.7441, 0, 61.4882, 0, 30.7441, -0
0, 30.7513, 0, 61.5026, 0, 30.7513, -0
0, 30.7585, 0, 61.5171, 0, 30.7585, -0
0, 30.7658, 0, 61.5316, 0, 30.7658, -0
0, 30.7731, 0, 61.5462, 0, 30.7731, -0
0, 30.7804, 0, 61.5609, 0, 30.7804, -0
0, 30.7878, 0, 61.5756, 0, 30.7878, -0
0, 30.7952, 0, 61.5904, 0, 30.7952, -0
0, 30.8026, 0, 61.6052, 0, 30.8026, -0
0, 30.8101, 0, 61.6202, 0, 30.8101, -0
0, 30.8176, 0, 61.6352, 0, 30.8176, -0
0, 30.8251, 0, 61.6502, 0, 30.8251, -0
0, 30.8327, 0, 61.6653, 0, 30.8327, -0
0, 30.8403, 0, 61.6805, 0, 30.8403, -0
0, 30.8479, 0, 61.6958, 0, 30.8479, -0
0, 30.8556, 0, 61.7111, 0, 30.8556, -0
0, 30.8633, 0, 61.7265, 0, 30.8633, -0
0, 30.871, 0, 61.742, 0, 30.871, -0
0, 30.8788, 0, 61.7575, 0, 30.8788, -0
0, 30.8866, 0, 61.7731, 0, 30.8866, -0
0, 30.8944, 0, 61.7888, 0, 30.8944, -0
0, 30.9022, 0, 61.8045, 0, 30.9022, -0
0, 30.9101, 0, 61.8203, 0, 30.9101, -0
0, 30.9181, 0, 61.8361, 0, 30.9181, -0
0, 30.926, 0, 61.8521, 0, 30.926, -0
0, 30.934, 0, 61.8681, 0, 30.934, -0
0, 30.9421, 0, 61.8841, 0, 30.9421, -0
0, 30.9501, 0, 61.9002, 0, 30.9501, -0
0, 30.9582, 0, 61.9164, 0, 30.9582, -0
0, 30.9663, 0, 61.9327, 0, 30.9663, -0
0, 30.9745, 0, 61.949, 0, 30.9745, -0
0, 30.9827, 0, 61.9654, 0, 30.9827, -0
0, 30.9909, 0, 61.9818, 0, 30.9909, -0
0, 30.9992, 0, 61.9983, 0, 30.9992, -0
0, 31.0075, 0, 62.0149, 0, 31.0075, -0
0, 31.0158, 0, 62.0316, 0, 31.0158, -0
0, 31.0241, 0, 62.0483, 0, 31.0241, -0
0, 31.0325, 0, 62.0651, 0, 31.0325, -0
0, 31.0409, 0, 62.0819, 0, 31.0409, -0
0, 31.0494, 0, 62.0988, 0, 31.0494, -0
0, 31.0579, 0, 62.1158, 0, 31.0579, -0
0, 31.0664, 0, 62.1328, 0, 31.0664, -0
0, 31.075, 0, 62.1499, 0, 31.075, -0
0, 31.0835, 0, 62.1671, 0, 31.0835, -0
0, 31.0922, 0, 62.1843, 0, 31.0922, -0
0, 31.1008, 0, 62.2016, 0, 31.1008, -0
0, 31.1095, 0, 62.219, 0, 31.1095, -0
0, 31.1182, 0, 62.2364, 0, 31.1182, -0
0, 31.127, 0, 62.2539, 0, 31.127, -0
0, 31.1357, 0, 62.2715, 0, 31.1357, -0
0, 31.1445, 0, 62.2891, 0, 31.1445, -0
0, 31.1534, 0, 62.3068, 0, 31.1534, -0
0, 31.1623, 0, 62.3245, 0, 31.1623, -0
0, 31.1712, 0, 62.3423, 0, 31.1712, -0
0, 31.1801, 0, 62.3602, 0, 31.1801, -0
0, 31.1891, 0, 62.3782, 0, 31.1891, -0
0, 31.1981, 0, 62.3962, 0, 31.1981, -0
0, 31.2071, 0, 62.4143, 0, 31.2071, -0
0, 31.2162, 0, 62.4324, 0, 31.2162, -0
0, 31.2253, 0, 62.4506, 0, 31.2253, -0
0, 31.2344, 0, 62.4689, 0, 31.2344, -0
0, 31.2436, 0, 62.4872, 0, 31.2436, -0
0, 31.2528, 0, 62.5056, 0, 31.2528, -0
0, 31.262, 0, 62.5241, 0, 31.262, -0
0, 31.2713, 0, 62.5426, 0, 31.2713, -0
0, 31.2806, 0, 62.5612, 0, 31.2806, -0
0, 31.2899, 0, 62.5798, 0, 31.2899, -0
0, 31.2993, 0, 62.5986, 0, 31.2993, -0
0, 31.3087, 0, 62.6173, 0, 31.3087, -0
0, 31.3181, 0, 62.6362, 0, 31.3181, -0
0, 31.3275, 0, 62.6551, 0, 31.3275, -0
0, 31.337, 0, 62.6741, 0, 31.337, -0
0, 31.3465, 0, 62.6931, 0, 31.3465, -0
0, 31.3561, 0, 62.7122, 0, 31.3561, -0
0, 31.3657, 0, 62.7314, 0, 31.3657, -0
0, 31.3753, 0, 62.7506, 0, 31.3753, -0
0, 31.3849, 0, 62.7699, 0, 31.3849, -0
0, 31.3946, 0, 62.7892, 0, 31.3946, -0
0, 31.4043, 0, 62.8086, 0, 31.4043, -0
0, 31.4141, 0, 62.8281, 0, 31.4141, -0
0, 31.4238, 0, 62.8477, 0, 31.4238, -0
0, 31.4336, 0, 62.8673, 0, 31.4336, -0
0, 31.4435, 0, 62.8869, 0, 31.4435, -0
0, 31.4533, 0, 62.9067, 0, 31.4533, -0
0, 31.4632, 0, 62.9265, 0, 31.4632, -0
0, 31.4732, 0, 62.9463, 0, 31.4732, -0
0, 31.4831, 0, 62.9663, 0, 31.4831, -0
0, 31.4931, 0, 62.9862, 0, 31.4931, -0
0, 31.5031, 0, 63.0063, 0, 31.5031, -0
0, 31.5132, 0, 63.0264, 0, 31.5132, -0
0, 31.5233, 0, 63.0466, 0, 31.5233, -0
0, 31.5334, 0, 63.0668, 0, 31.5334, -0
0, 31.5436, 0, 63.0871, 0, 31.5436, -0
0, 31.5537, 0, 63.1075, 0, 31.5537, -0
0, 31.5639, 0, 63.1279, 0, 31.5639, -0
0, 31.5742, 0, 63.1484, 0, 31.5742, -0
0, 31.5845, 0, 63.1689, 0, 31.5845, -0
0, 31.5948, 0, 63.1895, 0, 31.5948, -0
0, 31.6051, 0, 63.2102, 0, 31.6051, -0
0, 31.6155, 0, 63.2309, 0, 31.6155, -0
0, 31.6259, 0, 63.2517, 0, 31.6259, -0
0, 31.6363, 0, 63.2726, 0, 31.6363, -0
0, 31.6468, 0, 63.2935, 0, 31.6468, -0
0, 31.6573, 0, 63.3145, 0, 31.6573, -0
0, 31.6678, 0, 63.3356, 0, 31.6678, -0
0, 31.6783, 0, 63.3567, 0, 31.6783, -0
0, 31.6889, 0, 63.3778, 0, 31.6889, -0
0, 31.6995, 0, 63.3991, 0, 31.6995, -0
0, 31.7102, 0, 63.4204, 0, 31.7102, -0
0, 31.7209, 0, 63.4417, 0, 31.7209, -0
0, 31.7316, 0, 63.4631, 0, 31.7316, -0
0, 31.7423, 0, 63.4846, 0, 31.7423, -0
0, 31.7531, 0, 63.5061, 0, 31.7531, -0
0, 31.7639, 0, 63.5277, 0, 31.7639, -0
0, 31.7747, 0, 63.5494, 0, 31.7747, -0
0, 31.7856, 0, 63.5711, 0, 31.7856, -0
0, 31.7965, 0, 63.5929, 0, 31.7965, -0
0, 31.8074, 0, 63.6148, 0, 31.8074, -0
0, 31.8183, 0, 63.6367, 0, 31.8183, -0
0, 31.8293, 0, 63.6586, 0, 31.8293, -0
0, 31.8403, 0, 63.6807, 0, 31.8403, -0
0, 31.8514, 0, 63.7028, 0, 31.8514, -0
0, 31.8625, 0, 63.7249, 0, 31.8625, -0
0, 31.8736, 0, 63.7471, 0, 31.8736, -0
0, 31.8847, 0, 63.7694, 0, 31.8847, -0
0, 31.8959, 0, 63.7917, 0, 31.8959, -0
0, 31.9071, 0, 63.8141, 0, 31.9071, -0
0, 31.9183, 0, 63.8366, 0, 31.9183, -0
0, 31.9296, 0, 63.8591, 0, 31.9296, -0
0, 31.9408, 0, 63.8817, 0, 31.9408, -0
0, 31.9522, 0, 63.9043, 0, 31.9522, -0
0, 31.9635, 0, 63.927, 0, 31.9635, -0
0, 31.9749, 0, 63.9498, 0, 31.9749, -0
0, 31.9863, 0, 63.9726, 0, 31.9863, -0
0, 31.9977, 0, 63.9955, 0, 31.9977, -0
0, 32.0092, 0, 64.0184, 0, 32.0092, -0
0, 32.0207, 0, 64.0414, 0, 32.0207, -0
0, 32.0322, 0, 64.0645, 0, 32.0322, -0
0, 32.0438, 0, 64.0876, 0, 32.0438, -0
0, 32.0554, 0, 64.1108, 0, 32.0554, -0
0, 32.067, 0, 64.134, 0, 32.067, -0
0, 32.0787, 0, 64.1573, 0, 32.0787, -0
0, 32.0903, 0, 64.1807, 0, 32.0903, -0
0, 32.1021, 0, 64.2041, 0, 32.102, -0
0, 32.1138, 0, 64.2276, 0, 32.1138, -0
0, 32.1256, 0, 64.2511, 0, 32.1256, -0
0, 32.1374, 0, 64.2747, 0, 32.1374, -0
0, 32.1492, 0, 64.2984, 0, 32.1492, -0
0, 32.161, 0, 64.3221, 0, 32.161, -0
0, 32.1729, 0, 64.3459, 0, 32.1729, -0
0, 32.1849, 0, 64.3697, 0, 32.1849, -0
0, 32.1968, 0, 64.3936, 0, 32.1968, -0
0, 32.2088, 0, 64.4176, 0, 32.2088, -0
0, 32.2208, 0, 64.4416, 0, 32.2208, -0
0, 32.2328, 0, 64.4656, 0, 32.2328, -0
0, 32.2449, 0, 64.4898, 0, 32.2449, -0
0, 32.257, 0, 64.514, 0, 32.257, -0
0, 32.2691, 0, 64.5382, 0, 32.2691, -0
0, 32.2813, 0, 64.5625, 0, 32.2813, -0
0, 32.2935, 0, 64.5869, 0, 32.2935, -0
0, 32.3057, 0, 64.6113, 0, 32.3057, -0
0, 32.3179, 0, 64.6358, 0, 32.3179, -0
0, 32.3302, 0, 64.6604, 0, 32.3302, -0
0, 32.3425, 0, 64.685, 0, 32.3425, -0
0, 32.3548, 0, 64.7096, 0, 32.3548, -0
0, 32.3672, 0, 64.7343, 0, 32.3672, -0
0, 32.3796, 0, 64.7591, 0, 32.3796, -0
0, 32.392, 0, 64.784, 0, 32.392, -0
0, 32.4044, 0, 64.8089, 0, 32.4044, -0
0, 32.4169, 0, 64.8338, 0, 32.4169, -0
0, 32.4294, 0, 64.8588, 0, 32.4294, -0
0, 32.4419, 0, 64.8839, 0, 32.4419, -0
0, 32.4545, 0, 64.909, 0, 32.4545, -0
0, 32.4671, 0, 64.9342, 0, 32.4671, -0
0, 32.4797, 0, 64.9595, 0, 32.4797, -0
0, 32.4924, 0, 64.9848, 0, 32.4924, -0
0, 32.5051, 0, 65.0101, 0, 32.5051, -0
0, 32.5178, 0, 65.0355, 0, 32.5178, -0
0, 32.5305, 0, 65.061, 0, 32.5305, -0
0, 32.5433, 0, 65.0865, 0, 32.5433, -0
0, 32.5561, 0, 65.1121, 0, 32.5561, -0
0, 32.5689, 0, 65.1378, 0, 32.5689, -0
0, 32.5817, 0, 65.1635, 0, 32.5817, -0
0, 32.5946, 0, 65.1893, 0, 32.5946, -0
0, 32.6075, 0, 65.2151, 0, 32.6075, -0
0, 32.6205, 0, 65.241, 0, 32.6205, -0
0, 32.6334, 0, 65.2669, 0, 32.6334, -0
0, 32.6464, 0, 65.2929, 0, 32.6464, -0
0, 32.6595, 0, 65.3189, 0, 32.6595, -0
0, 32.6725, 0, 65.345, 0, 32.6725, -0
0, 32.6856, 0, 65.3712, 0, 32.6856, -0
0, 32.6987, 0, 65.3974, 0, 32.6987, -0
0, 32.7119, 0, 65.4237, 0, 32.7119, -0
0, 32.725, 0, 65.45, 0, 32.725, -0
0, 32.7382, 0, 65.4764, 0, 32.7382, -0
0, 32.7514, 0, 65.5029, 0, 32.7514, -0
0, 32.7647, 0, 65.5294, 0, 32.7647, -0
0, 32.7779, 0, 65.5558, 0, 32.7779, -0
0, 32.7911, 0, 65.5823, 0, 32.7911, -0
0, 32.8044, 0, 65.6087, 0, 32.8044, -0
0, 32.8176, 0, 65.6351, 0, 32.8176, -0
0, 32.8308, 0, 65.6616, 0, 32.8308, -0
0, 32.844, 0, 65.688, 0, 32.844, -0
0, 32.8572, 0, 65.7144, 0, 32.8572, -0
0, 32.8704, 0, 65.7408, 0, 32.8704, -0
0, 32.8836, 0, 65.7672, 0, 32.8836, -0
0, 32.8968, 0, 65.7936, 0, 32.8968, -0
0, 32.91, 0, 65.8199, 0, 32.91, -0
0, 32.9231, 0, 65.8463, 0, 32.9231, -0
0, 32.9363, 0, 65.8726, 0, 32.9363, -0
0, 32.9495, 0, 65.899, 0, 32.9495, -0
0, 32.9627, 0, 65.9253, 0, 32.9627, -0
0, 32.9758, 0, 65.9516, 0, 32.9758, -0
0, 32.989, 0, 65.9779, 0, 32.989, -0
0, 33.0021, 0, 66.0042, 0, 33.0021, -0
0, 33.0153, 0, 66.0305, 0, 33.0153, -0
0, 33.0284, 0, 66.0568, 0, 33.0284, -0
0, 33.0415, 0, 66.0831, 0, 33.0415, -0
0, 33.0547, 0, 66.1094, 0, 33.0547, -0
0, 33.0678, 0, 66.1356, 0, 33.0678, -0
0, 33.0809, 0, 66.1619, 0, 33.0809, -0
0, 33.0941, 0, 66.1881, 0, 33.0941, -0
0, 33.1072, 0, 66.2143, 0, 33.1072, -0
0, 33.1203, 0, 66.2406, 0, 33.1203, -0
0, 33.1334, 0, 66.2668, 0, 33.1334, -0
0, 33.1465, 0, 66.293, 0, 33.1465, -0
0, 33.1596, 0, 66.3192, 0, 33.1596, -0
0, 33.1727, 0, 66.3453, 0, 33.1727, -0
0, 33.1858, 0, 66.3715, 0, 33.1858, -0
0, 33.1988, 0, 66.3977, 0, 33.1988, -0
0, 33.2119, 0, 66.4238, 0, 33.2119, -0
0, 33.225, 0, 66.45, 0, 33.225, -0
0, 33.2381, 0, 66.4761, 0, 33.2381, -0
0, 33.2511, 0, 66.5022, 0, 33.2511, -0
0, 33.2642, 0, 66.5284, 0, 33.2642, -0
0, 33.2772, 0, 66.5545, 0, 33.2772, -0
0, 33.2903, 0, 66.5806, 0, 33.2903, -0
0, 33.3033, 0, 66.6067, 0, 33.3033, -0
0, 33.3164, 0, 66.6328, 0, 33.3164, -0
0, 33.3294, 0, 66.6588, 0, 33.3294, -0
0, 33.3424, 0, 66.6849, 0, 33.3424, -0
0, 33.3555, 0, 66.7109, 0, 33.3555, -0
0, 33.3685, 0, 66.737, 0, 33.3685, -0
0, 33.3815, 0, 66.763, 0, 33.3815, -0
0, 33.3945, 0, 66.7891, 0, 33.3945, -0
0, 33.4075, 0, 66.8151, 0, 33.4075, -0
0, 33.4205, 0, 66.8411, 0, 33.4205, -0
0, 33.4335, 0, 66.8671, 0, 33.4335, -0
0, 33.4465, 0, 66.8931, 0, 33.4465, -0
0, 33.4595, 0, 66.9191, 0, 33.4595, -0
0, 33.4725, 0, 66.945, 0, 33.4725, -0
0, 33.4855, 0, 66.971, 0, 33.4855, -0
0, 33.4985, 0, 66.997, 0, 33.4985, -0
0, 33.5115, 0, 67.0229, 0, 33.5115, -0
0, 33.5244, 0, 67.0489, 0, 33.5244, -0
0, 33.5374, 0, 67.0748, 0, 33.5374, -0
0, 33.5504, 0, 67.1007, 0, 33.5504, -0
0, 33.5633, 0, 67.1266, 0, 33.5633, -0
0, 33.5763, 0, 67.1525, 0, 33.5763, -0
0, 33.5892, 0, 67.1784, 0, 33.5892, -0
0, 33.6022, 0, 67.2043, 0, 33.6022, -0
0, 33.6151, 0, 67.2302, 0, 33.6151, -0
0, 33.628, 0, 67.2561, 0, 33.628, -0
0, 33.641, 0, 67.2819, 0, 33.641, -0
0, 33.6539, 0, 67.3078, 0, 33.6539, -0
0, 33.6668, 0, 67.3336, 0, 33.6668, -0
0, 33.6797, 0, 67.3595, 0, 33.6797, -0
0, 33.6926, 0, 67.3853, 0, 33.6926, -0
0, 33.7055, 0, 67.4111, 0, 33.7055, -0
0, 33.7185, 0, 67.4369, 0, 33.7185, -0
0, 33.7314, 0, 67.4627, 0, 33.7313, -0
0, 33.7442, 0, 67.4885, 0, 33.7442, -0
0, 33.7571, 0, 67.5143, 0, 33.7571, -0
0, 33.77, 0, 67.54, 0, 33.77, -0
0, 33.7829, 0, 67.5658, 0, 33.7829, -0
0, 33.7958, 0, 67.5916, 0, 33.7958, -0
0, 33.8087, 0, 67.6173, 0, 33.8087, -0
0, 33.8215, 0, 67.6431, 0, 33.8215, -0
0, 33.8344, 0, 67.6688, 0, 33.8344, -0
0, 33.8473, 0, 67.6945, 0, 33.8473, -0
0, 33.8601, 0, 67.7202, 0, 33.8601, -0
0, 33.873, 0, 67.7459, 0, 33.873, -0
0, 33.8858, 0, 67.7716, 0, 33.8858, -0
0, 33.8987, 0, 67.7973, 0, 33.8987, -0
0, 33.9115, 0, 67.823, 0, 33.9115, -0
0, 33.9243, 0, 67.8487, 0, 33.9243, -0
0, 33.9372, 0, 67.8743, 0, 33.9372, -0
0, 33.95, 0, 67.9, 0, 33.95, -0
0, 33.9628, 0, 67.9256, 0, 33.9628, -0
0, 33.9756, 0, 67.9512, 0, 33.9756, -0
0, 33.9884, 0, 67.9769, 0, 33.9884, -0
0, 34.0012, 0, 68.0025, 0, 34.0012, -0
0, 34.0141, 0, 68.0281, 0, 34.0141, -0
0, 34.0269, 0, 68.0537, 0, 34.0269, -0
0, 34.0396, 0, 68.0793, 0, 34.0396, -0
0, 34.0524, 0, 68.1049, 0, 34.0524, -0
0, 34.0652, 0, 68.1305, 0, 34.0652, -0
0, 34.078, 0, 68.156, 0, 34.078, -0
0, 34.0908, 0, 68.1816, 0, 34.0908, -0
0, 34.1036, 0, 68.2071, 0, 34.1036, -0
0, 34.1163, 0, 68.2327, 0, 34.1163, -0
0, 34.1291, 0, 68.2582, 0, 34.1291, -0
0, 34.1419, 0, 68.2837, 0, 34.1419, -0
0, 34.1546, 0, 68.3093, 0, 34.1546, -0
0, 34.1674, 0, 68.3348, 0, 34.1674, -0
0, 34.1801, 0, 68.3603, 0, 34.1801, -0
0, 34.1929, 0, 68.3858, 0, 34.1929, -0
0, 34.2056, 0, 68.4112, 0, 34.2056, -0
0, 34.2184, 0, 68.4367, 0, 34.2184, -0
0, 34.2311, 0, 68.4622, 0, 34.2311, -0
0, 34.2438, 0, 68.4876, 0, 34.2438, -0
0, 34.2566, 0, 68.5131, 0, 34.2565, -0
0, 34.2693, 0, 68.5385, 0, 34.2693, -0
0, 34.282, 0, 68.564, 0, 34.282, -0
0, 34.2947, 0, 68.5894, 0, 34.2947, -0
0, 34.3074, 0, 68.6148, 0, 34.3074, -0
0, 34.3201, 0, 68.6402, 0, 34.3201, -0
0, 34.3328, 0, 68.6656, 0, 34.3328, -0
0, 34.3455, 0, 68.691, 0, 34.3455, -0
0, 34.3582, 0, 68.7164, 0, 34.3582, -0
0, 34.3709, 0, 68.7418, 0, 34.3709, -0
0, 34.3836, 0, 68.7672, 0, 34.3836, -0
0, 34.3963, 0, 68.7925, 0, 34.3963, -0
0, 34.4089, 0, 68.8179, 0, 34.4089, -0
0, 34.4216, 0, 68.8432, 0, 34.4216, -0
0, 34.4343, 0, 68.8685, 0, 34.4343, -0
0, 34.4469, 0, 68.8939, 0, 34.4469, -0
0, 34.4596, 0, 68.9192, 0, 34.4596, -0
0, 34.4723, 0, 68.9445, 0, 34.4723, -0
0, 34.4849, 0, 68.9698, 0, 34.4849, -0
0, 34.4976, 0, 68.9951, 0, 34.4976, -0
0, 34.5102, 0, 69.0204, 0, 34.5102, -0
0, 34.5228, 0, 69.0457, 0, 34.5228, -0
0, 34.5355, 0, 69.0709, 0, 34.5355, -0
0, 34.5481, 0, 69.0962, 0, 34.5481, -0
0, 34.5607, 0, 69.1215, 0, 34.5607, -0
0, 34.5733, 0, 69.1467, 0, 34.5733, -0
0, 34.586, 0, 69.1719, 0, 34.586, -0
0, 34.5986, 0, 69.1972, 0, 34.5986, -0
0, 34.6112, 0, 69.2224, 0, 34.6112, -0
0, 34.6238, 0, 69.2476, 0, 34.6238, -0
0, 34.6364, 0, 69.2728, 0, 34.6364, -0
0, 34.649, 0, 69.298, 0, 34.649, -0
0, 34.6616, 0, 69.3232, 0, 34.6616, -0
0, 34.6742, 0, 69.3484, 0, 34.6742, -0
0, 34.6868, 0, 69.3736, 0, 34.6868, -0
0, 34.6994, 0, 69.3987, 0, 34.6994, -0
0, 34.7119, 0, 69.4239, 0, 34.7119, -0
0, 34.7245, 0, 69.449, 0, 34.7245, -0
0, 34.7371, 0, 69.4742, 0, 34.7371, -0
0, 34.7497, 0, 69.4993, 0, 34.7497, -0
0, 34.7622, 0, 69.5244, 0, 34.7622, -0
0, 34.7748, 0, 69.5495, 0, 34.7748, -0
0, 34.7873, 0, 69.5747, 0, 34.7873, -0
0, 34.7999, 0, 69.5998, 0, 34.7999, -0
0, 34.8124, 0, 69.6249, 0, 34.8124, -0
0, 34.825, 0, 69.6499, 0, 34.825, -0
0, 34.8375, 0, 69.675, 0, 34.8375, -0
0, 34.85, 0, 69.7001, 0, 34.85, -0
0, 34.8626, 0, 69.7252, 0, 34.8626, -0
0, 34.8751, 0, 69.7502, 0, 34.8751, -0
0, 34.8876, 0, 69.7753, 0, 34.8876, -0
0, 34.9001, 0, 69.8003, 0, 34.9001, -0
0, 34.9127, 0, 69.8253, 0, 34.9127, -0
0, 34.9252, 0, 69.8503, 0, 34.9252, -0
0, 34.9377, 0, 69.8754, 0, 34.9377, -0
0, 34.9502, 0, 69.9004, 0, 34.9502, -0
0, 34.9627, 0, 69.9254, 0, 34.9627, -0
0, 34.9752, 0, 69.9504, 0, 34.9752, -0
0, 34.9877, 0, 69.9754, 0, 34.9877, -0
0, 35.0002, 0, 70.0003, 0, 35.0002, -0
0, 35.0126, 0, 70.0253, 0, 35.0126, -0
0, 35.0251, 0, 70.0503, 0, 35.0251, -0
0, 35.0376, 0, 70.0752, 0, 35.0376, -0
0, 35.0501, 0, 70.1002, 0, 35.0501, -0
0, 35.0625, 0, 70.1251, 0, 35.0625, -0
0, 35.075, 0, 70.15, 0, 35.075, -0
0, 35.0875, 0, 70.1749, 0, 35.0875, -0
0, 35.0999, 0, 70.1999, 0, 35.0999, -0
0, 35.1124, 0, 70.2248, 0, 35.1124, -0
0, 35.1248, 0, 70.2497, 0, 35.1248, -0
0, 35.1373, 0, 70.2746, 0, 35.1373, -0
0, 35.1497, 0, 70.2994, 0, 35.1497, -0
0, 35.1622, 0, 70.3243, 0, 35.1622, -0
0, 35.1746, 0, 70.3492, 0, 35.1746, -0
0, 35.187, 0, 70.3741, 0, 35.187, -0
0, 35.1995, 0, 70.3989, 0, 35.1995, -0
0, 35.2119, 0, 70.4238, 0, 35.2119, -0
0, 35.2243, 0, 70.4486, 0, 35.2243, -0
0, 35.2367, 0, 70.4734, 0, 35.2367, -0
0, 35.2491, 0, 70.4982, 0, 35.2491, -0
0, 35.2615, 0, 70.5231, 0, 35.2615, -0
0, 35.2739, 0, 70.5479, 0, 35.2739, -0
0, 35.2863, 0, 70.5727, 0, 35.2863, -0
0, 35.2987, 0, 70.5975, 0, 35.2987, -0
0, 35.3111, 0, 70.6222, 0, 35.3111, -0
0, 35.3235, 0, 70.647, 0, 35.3235, -0
0, 35.3359, 0, 70.6718, 0, 35.3359, -0
0, 35.3483, 0, 70.6966, 0, 35.3483, -0
0, 35.3607, 0, 70.7213, 0, 35.3607, -0
0, 35.373, 0, 70.7461, 0, 35.373, -0
0, 35.3854, 0, 70.7708, 0, 35.3854, -0
0, 35.3978, 0, 70.7955, 0, 35.3978, -0
0, 35.4101, 0, 70.8203, 0, 35.4101, -0
0, 35.4225, 0, 70.845, 0, 35.4225, -0
0, 35.4348, 0, 70.8697, 0, 35.4348, -0
0, 35.4472, 0, 70.8944, 0, 35.4472, -0
0, 35.4595, 0, 70.9191, 0, 35.4595, -0
0, 35.4719, 0, 70.9438, 0, 35.4719, -0
0, 35.4842, 0, 70.9684, 0, 35.4842, -0
0, 35.4966, 0, 70.9931, 0, 35.4966, -0
0, 35.5089, 0, 71.0178, 0, 35.5089, -0
0, 35.5212, 0, 71.0424, 0, 35.5212, -0
0, 35.5335, 0, 71.0671, 0, 35.5335, -0
0, 35.5459, 0, 71.0917, 0, 35.5459, -0
0, 35.5582, 0, 71.1164, 0, 35.5582, -0
0, 35.5705, 0, 71.141, 0, 35.5705, -0
0, 35.5828, 0, 71.1656, 0, 35.5828, -0
0, 35.5951, 0, 71.1902, 0, 35.5951, -0
0, 35.6074, 0, 71.2148, 0, 35.6074, -0
0, 35.6197, 0, 71.2394, 0, 35.6197, -0
0, 35.632, 0, 71.264, 0, 35.632, -0
0, 35.6443, 0, 71.2886, 0, 35.6443, -0
0, 35.6566, 0, 71.3132, 0, 35.6566, -0
0, 35.6689, 0, 71.3378, 0, 35.6689, -0
0, 35.6812, 0, 71.3623, 0, 35.6812, -0
0, 35.6934, 0, 71.3869, 0, 35.6934, -0
0, 35.7057, 0, 71.4114, 0, 35.7057, -0
0, 35.718, 0, 71.436, 0, 35.718, -0
0, 35.7302, 0, 71.4605, 0, 35.7302, -0
0, 35.7425, 0, 71.485, 0, 35.7425, -0
0, 35.7548, 0, 71.5095, 0, 35.7548, -0
0, 35.767, 0, 71.534, 0, 35.767, -0
0, 35.7793, 0, 71.5585, 0, 35.7793, -0
0, 35.7915, 0, 71.583, 0, 35.7915, -0
0, 35.8038, 0, 71.6075, 0, 35.8038, -0
0, 35.816, 0, 71.632, 0, 35.816, -0
0, 35.8282, 0, 71.6565, 0, 35.8282, -0
0, 35.8405, 0, 71.6809, 0, 35.8405, -0
0, 35.8527, 0, 71.7054, 0, 35.8527, -0
0, 35.8649, 0, 71.7299, 0, 35.8649, -0
0, 35.8772, 0, 71.7543, 0, 35.8772, -0
0, 35.8894, 0, 71.7787, 0, 35.8894, -0
0, 35.9016, 0, 71.8032, 0, 35.9016, -0
0, 35.9138, 0, 71.8276, 0, 35.9138, -0
0, 35.926, 0, 71.852, 0, 35.926, -0
0, 35.9382, 0, 71.8764, 0, 35.9382, -0
0, 35.9504, 0, 71.9008, 0, 35.9504, -0
0, 35.9626, 0, 71.9252, 0, 35.9626, -0
0, 35.9748, 0, 71.9496, 0, 35.9748, -0
0, 35.987, 0, 71.974, 0, 35.987, -0
0, 35.9992, 0, 71.9984, 0, 35.9992, -0
0, 36.0114, 0, 72.0227, 0, 36.0114, -0
0, 36.0235, 0, 72.0471, 0, 36.0235, -0
0, 36.0357, 0, 72.0714, 0, 36.0357, -0
0, 36.0479, 0, 72.0958, 0, 36.0479, -0
0, 36.0601, 0, 72.1201, 0, 36.0601, -0
0, 36.0722, 0, 72.1445, 0, 36.0722, -0
0, 36.0844, 0, 72.1688, 0, 36.0844, -0
0, 36.0965, 0, 72.1931, 0, 36.0965, -0
0, 36.1087, 0, 72.2174, 0, 36.1087, -0
0, 36.1209, 0, 72.2417, 0, 36.1209, -0
0, 36.133, 0, 72.266, 0, 36.133, -0
0, 36.1451, 0, 72.2903, 0, 36.1451, -0
0, 36.1573, 0, 72.3146, 0, 36.1573, -0
0, 36.1694, 0, 72.3388, 0, 36.1694, -0
0, 36.1816, 0, 72.3631, 0, 36.1816, -0
0, 36.1937, 0, 72.3874, 0, 36.1937, -0
0, 36.2058, 0, 72.4116, 0, 36.2058, -0
0, 36.2179, 0, 72.4359, 0, 36.2179, -0
0, 36.2301, 0, 72.4601, 0, 36.2301, -0
0, 36.2422, 0, 72.4843, 0, 36.2422, -0
0, 36.2543, 0, 72.5086, 0, 36.2543, -0
0, 36.2664, 0, 72.5328, 0, 36.2664, -0
0, 36.2785, 0, 72.557, 0, 36.2785, -0
0, 36.2906, 0, 72.5812, 0, 36.2906, -0
0, 36.3027, 0, 72.6054, 0, 36.3027, -0
0, 36.3148, 0, 72.6296, 0, 36.3148, -0
0, 36.3269, 0, 72.6538, 0, 36.3269, -0
0, 36.339, 0, 72.6779, 0, 36.339, -0
0, 36.3511, 0, 72.7021, 0, 36.3511, -0
0, 36.3631, 0, 72.7263, 0, 36.3631, -0
0, 36.3752, 0, 72.7504, 0, 36.3752, -0
0, 36.3873, 0, 72.7746, 0, 36.3873, -0
0, 36.3994, 0, 72.7987, 0, 36.3994, -0
0, 36.4114, 0, 72.8229, 0, 36.4114, -0
0, 36.4235, 0, 72.847, 0, 36.4235, -0
0, 36.4356, 0, 72.8711, 0, 36.4356, -0
0, 36.4476, 0, 72.8952, 0, 36.4476, -0
0, 36.4597, 0, 72.9193, 0, 36.4597, -0
0, 36.4717, 0, 72.9434, 0, 36.4717, -0
0, 36.4838, 0, 72.9675, 0, 36.4838, -0
0, 36.4958, 0, 72.9916, 0, 36.4958, -0
0, 36.5078, 0, 73.0157, 0, 36.5078, -0
0, 36.5199, 0, 73.0398, 0, 36.5199, -0
0, 36.5319, 0, 73.0638, 0, 36.5319, -0
0, 36.5439, 0, 73.0879, 0, 36.5439, -0
0, 36.556, 0, 73.1119, 0, 36.556, -0
0, 36.568, 0, 73.136, 0, 36.568, -0
0, 36.58, 0, 73.16, 0, 36.58, -0
0, 36.592, 0, 73.1841, 0, 36.592, -0
0, 36.604, 0, 73.2081, 0, 36.604, -0
0, 36.6161, 0, 73.2321, 0, 36.6161, -0
0, 36.6281, 0, 73.2561, 0, 36.6281, -0
0, 36.6401, 0, 73.2801, 0, 36.6401, -0
0, 36.6521, 0, 73.3041, 0, 36.6521, -0
0, 36.6641, 0, 73.3281, 0, 36.6641, -0
0, 36.676, 0, 73.3521, 0, 36.676, -0
0, 36.688, 0, 73.3761, 0, 36.688, -0
0, 36.7, 0, 73.4, 0, 36.7, -0
0, 36.712, 0, 73.424, 0, 36.712, -0
0, 36.724, 0, 73.448, 0, 36.724, -0
0, 36.736, 0, 73.4719, 0, 36.736, -0
0, 36.7479, 0, 73.4959, 0, 36.7479, -0
0, 36.7599, 0, 73.5198, 0, 36.7599, -0
0, 36.7719, 0, 73.5437, 0, 36.7719, -0
0, 36.7838, 0, 73.5677, 0, 36.7838, -0
0, 36.7958, 0, 73.5916, 0, 36.7958, -0
0, 36.8077, 0, 73.6155, 0, 36.8077, -0
0, 36.8197, 0, 73.6394, 0, 36.8197, -0
0, 36.8316, 0, 73.6633, 0, 36.8316, -0
0, 36.8436, 0, 73.6872, 0, 36.8436, -0
0, 36.8555, 0, 73.7111, 0, 36.8555, -0
0, 36.8675, 0, 73.7349, 0, 36.8675, -0
0, 36.8794, 0, 73.7588, 0, 36.8794, -0
0, 36.8913, 0, 73.7827, 0, 36.8913, -0
0, 36.9033, 0, 73.8065, 0, 36.9033, -0
0, 36.9152, 0, 73.8304, 0, 36.9152, -0
0, 36.9271, 0, 73.8542, 0, 36.9271, -0
0, 36.939, 0, 73.8781, 0, 36.939, -0
0, 36.951, 0, 73.9019, 0, 36.951, -0
0, 36.9629, 0, 73.9257, 0, 36.9629, -0
0, 36.9748, 0, 73.9495, 0, 36.9748, -0
0, 36.9867, 0, 73.9734, 0, 36.9867, -0
0, 36.9986, 0, 73.9972, 0, 36.9986, -0
0, 37.0105, 0, 74.021, 0, 37.0105, -0
0, 37.0224, 0, 74.0448, 0, 37.0224, -0
0, 37.0343, 0, 74.0685, 0, 37.0343, -0
0, 37.0462, 0, 74.0923, 0, 37.0462, -0
0, 37.058, 0, 74.1161, 0, 37.058, -0
0, 37.0699, 0, 74.1399, 0, 37.0699, -0
0, 37.0818, 0, 74.1636, 0, 37.0818, -0
0, 37.0937, 0, 74.1874, 0, 37.0937, -0
0, 37.1056, 0, 74.2111, 0, 37.1056, -0
0, 37.1174, 0, 74.2349, 0, 37.1174, -0
0, 37.1293, 0, 74.2586, 0, 37.1293, -0
0, 37.1412, 0, 74.2823, 0, 37.1412, -0
0, 37.153, 0, 74.306, 0, 37.153, -0
0, 37.1649, 0, 74.3298, 0, 37.1649, -0
0, 37.1767, 0, 74.3535, 0, 37.1767, -0
0, 37.1886, 0, 74.3772, 0, 37.1886, -0
0, 37.2004, 0, 74.4009, 0, 37.2004, -0
0, 37.2123, 0, 74.4245, 0, 37.2123, -0
0, 37.2241, 0, 74.4482, 0, 37.2241, -0
0, 37.236, 0, 74.4719, 0, 37.2359, -0
0, 37.2478, 0, 74.4956, 0, 37.2478, -0
0, 37.2596, 0, 74.5192, 0, 37.2596, -0
0, 37.2714, 0, 74.5429, 0, 37.2714, -0
0, 37.2833, 0, 74.5665, 0, 37.2833, -0
0, 37.2951, 0, 74.5902, 0, 37.2951, -0
0, 37.3069, 0, 74.6138, 0, 37.3069, -0
0, 37.3187, 0, 74.6374, 0, 37.3187, -0
0, 37.3305, 0, 74.6611, 0, 37.3305, -0
0, 37.3423, 0, 74.6847, 0, 37.3423, -0
0, 37.3542, 0, 74.7083, 0, 37.3542, -0
0, 37.366, 0, 74.7319, 0, 37.366, -0
0, 37.3778, 0, 74.7555, 0, 37.3778, -0
0, 37.3895, 0, 74.7791, 0, 37.3895, -0
0, 37.4013, 0, 74.8027, 0, 37.4013, -0
0, 37.4131, 0, 74.8263, 0, 37.4131, -0
0, 37.4249, 0, 74.8498, 0, 37.4249, -0
0, 37.4367, 0, 74.8734, 0, 37.4367, -0
0, 37.4485, 0, 74.897, 0, 37.4485, -0
0, 37.4603, 0, 74.9205, 0, 37.4603, -0
0, 37.472, 0, 74.9441, 0, 37.472, -0
0, 37.4838, 0, 74.9676, 0, 37.4838, -0
0, 37.4956, 0, 74.9911, 0, 37.4956, -0
0, 37.5073, 0, 75.0147, 0, 37.5073, -0
0, 37.5191, 0, 75.0382, 0, 37.5191, -0
0, 37.5309, 0, 75.0617, 0, 37.5309, -0
0, 37.5426, 0, 75.0852, 0, 37.5426, -0
0, 37.5544, 0, 75.1087, 0, 37.5544, -0
0, 37.5661, 0, 75.1322, 0, 37.5661, -0
0, 37.5779, 0, 75.1557, 0, 37.5779, -0
0, 37.5896, 0, 75.1792, 0, 37.5896, -0
0, 37.6013, 0, 75.2027, 0, 37.6013, -0
0, 37.6131, 0, 75.2261, 0, 37.6131, -0
0, 37.6248, 0, 75.2496, 0, 37.6248, -0
0, 37.6365, 0, 75.2731, 0, 37.6365, -0
0, 37.6483, 0, 75.2965, 0, 37.6483, -0
0, 37.66, 0, 75.32, 0, 37.66, -0
0, 37.6717, 0, 75.3434, 0, 37.6717, -0
0, 37.6834, 0, 75.3669, 0, 37.6834, -0
0, 37.6951, 0, 75.3903, 0, 37.6951, -0
0, 37.7069, 0, 75.4137, 0, 37.7069, -0
0, 37.7186, 0, 75.4371, 0, 37.7186, -0
0, 37.7303, 0, 75.4605, 0, 37.7303, -0
0, 37.742, 0, 75.4839, 0, 37.742, -0
0, 37.7537, 0, 75.5073, 0, 37.7537, -0
0, 37.7654, 0, 75.5307, 0, 37.7654, -0
0, 37.7771, 0, 75.5541, 0, 37.7771, -0
0, 37.7887, 0, 75.5775, 0, 37.7887, -0
0, 37.8004, 0, 75.6009, 0, 37.8004, -0
0, 37.8121, 0, 75.6242, 0, 37.8121, -0
0, 37.8238, 0, 75.6476, 0, 37.8238, -0
0, 37.8355, 0, 75.6709, 0, 37.8355, -0
0, 37.8471, 0, 75.6943, 0, 37.8471, -0
0, 37.8588, 0, 75.7176, 0, 37.8588, -0
0, 37.8705, 0, 75.741, 0, 37.8705, -0
0, 37.8822, 0, 75.7643, 0, 37.8822, -0
0, 37.8938, 0, 75.7876, 0, 37.8938, -0
0, 37.9055, 0, 75.8109, 0, 37.9055, -0
0, 37.9171, 0, 75.8343, 0, 37.9171, -0
0, 37.9288, 0, 75.8576, 0, 37.9288, -0
0, 37.9404, 0, 75.8809, 0, 37.9404, -0
0, 37.9521, 0, 75.9042, 0, 37.9521, -0
0, 37.9637, 0, 75.9274, 0, 37.9637, -0
0, 37.9754, 0, 75.9507, 0, 37.9754, -0
0, 37.987, 0, 75.974, 0, 37.987, -0
0, 37.9986, 0, 75.9973, 0, 37.9986, -0
0, 38.0103, 0, 76.0205, 0, 38.0103, -0
0, 38.0219, 0, 76.0438, 0, 38.0219, -0
0, 38.0335, 0, 76.067, 0, 38.0335, -0
0, 38.0451, 0, 76.0903, 0, 38.0451, -0
0, 38.0568, 0, 76.1135, 0, 38.0568, -0
0, 38.0684, 0, 76.1368, 0, 38.0684, -0
0, 38.08, 0, 76.16, 0, 38.08, -0
0, 38.0916, 0, 76.1832, 0, 38.0916, -0
0, 38.1032, 0, 76.2064, 0, 38.1032, -0
0, 38.1148, 0, 76.2296, 0, 38.1148, -0
0, 38.1264, 0, 76.2528, 0, 38.1264, -0
0, 38.138, 0, 76.276, 0, 38.138, -0
0, 38.1496, 0, 76.2992, 0, 38.1496, -0
0, 38.1612, 0, 76.3224, 0, 38.1612, -0
0, 38.1728, 0, 76.3456, 0, 38.1728, -0
0, 38.1844, 0, 76.3688, 0, 38.1844, -0
0, 38.196, 0, 76.3919, 0, 38.196, -0
0, 38.2075, 0, 76.4151, 0, 38.2075, -0
0, 38.2191, 0, 76.4383, 0, 38.2191, -0
0, 38.2307, 0, 76.4614, 0, 38.2307, -0
0, 38.2423, 0, 76.4845, 0, 38.2423, -0
0, 38.2538, 0, 76.5077, 0, 38.2538, -0
0, 38.2654, 0, 76.5308, 0, 38.2654, -0
0, 38.277, 0, 76.5539, 0, 38.277, -0
0, 38.2885, 0, 76.5771, 0, 38.2885, -0
0, 38.3001, 0, 76.6002, 0, 38.3001, -0
0, 38.3116, 0, 76.6233, 0, 38.3116, -0
0, 38.3232, 0, 76.6464, 0, 38.3232, -0
0, 38.3347, 0, 76.6695, 0, 38.3347, -0
0, 38.3463, 0, 76.6926, 0, 38.3463, -0
0, 38.3578, 0, 76.7157, 0, 38.3578, -0
0, 38.3694, 0, 76.7387, 0, 38.3694, -0
0, 38.3809, 0, 76.7618, 0, 38.3809, -0
0, 38.3924, 0, 76.7849, 0, 38.3924, -0
0, 38.404, 0, 76.8079, 0, 38.404, -0
0, 38.4155, 0, 76.831, 0, 38.4155, -0
0, 38.427, 0, 76.854, 0, 38.427, -0
0, 38.4385, 0, 76.8771, 0, 38.4385, -0
0, 38.4501, 0, 76.9001, 0, 38.4501, -0
0, 38.4616, 0, 76.9232, 0, 38.4616, -0
0, 38.4731, 0, 76.9462, 0, 38.4731, -0
0, 38.4846, 0, 76.9692, 0, 38.4846, -0
0, 38.4961, 0, 76.9922, 0, 38.4961, -0
0, 38.5076, 0, 77.0152, 0, 38.5076, -0
0, 38.5191, 0, 77.0382, 0, 38.5191, -0
0, 38.5306, 0, 77.0612, 0, 38.5306, -0
0, 38.5421, 0, 77.0842, 0, 38.5421, -0
0, 38.5536, 0, 77.1072, 0, 38.5536, -0
0, 38.5651, 0, 77.1302, 0, 38.5651, -0
0, 38.5766, 0, 77.1532, 0, 38.5766, -0
0, 38.5881, 0, 77.1761, 0, 38.5881, -0
0, 38.5995, 0, 77.1991, 0, 38.5995, -0
0, 38.611, 0, 77.2221, 0, 38.611, -0
0, 38.6225, 0, 77.245, 0, 38.6225, -0
0, 38.634, 0, 77.2679, 0, 38.634, -0
0, 38.6454, 0, 77.2909, 0, 38.6454, -0
0, 38.6569, 0, 77.3138, 0, 38.6569, -0
0, 38.6684, 0, 77.3367, 0, 38.6684, -0
0, 38.6798, 0, 77.3597, 0, 38.6798, -0
0, 38.6913, 0, 77.3826, 0, 38.6913, -0
0, 38.7027, 0, 77.4055, 0, 38.7027, -0
0, 38.7142, 0, 77.4284, 0, 38.7142, -0
0, 38.7257, 0, 77.4513, 0, 38.7257, -0
0, 38.7371, 0, 77.4742, 0, 38.7371, -0
0, 38.7485, 0, 77.4971, 0, 38.7485, -0
0, 38.76, 0, 77.52, 0, 38.76, -0
0, 38.7714, 0, 77.5428, 0, 38.7714, -0
0, 38.7829, 0, 77.5657, 0, 38.7829, -0
0, 38.7943, 0, 77.5886, 0, 38.7943, -0
0, 38.8057, 0, 77.6114, 0, 38.8057, -0
0, 38.8171, 0, 77.6343, 0, 38.8171, -0
0, 38.8286, 0, 77.6571, 0, 38.8286, -0
0, 38.84, 0, 77.68, 0, 38.84, -0
0, 38.8514, 0, 77.7028, 0, 38.8514, -0
0, 38.8628, 0, 77.7257, 0, 38.8628, -0
0, 38.8742, 0, 77.7485, 0, 38.8742, -0
0, 38.8856, 0, 77.7713, 0, 38.8856, -0
0, 38.8971, 0, 77.7941, 0, 38.8971, -0
0, 38.9085, 0, 77.8169, 0, 38.9085, -0
0, 38.9199, 0, 77.8397, 0, 38.9199, -0
0, 38.9313, 0, 77.8625, 0, 38.9313, -0
0, 38.9427, 0, 77.8853, 0, 38.9427, -0
0, 38.9541, 0, 77.9081, 0, 38.9541, -0
0, 38.9654, 0, 77.9309, 0, 38.9654, -0
0, 38.9768, 0, 77.9537, 0, 38.9768, -0
0, 38.9882, 0, 77.9764, 0, 38.9882, -0
0, 38.9996, 0, 77.9992, 0, 38.9996, -0
0, 39.011, 0, 78.0219, 0, 39.011, -0
0, 39.0224, 0, 78.0447, 0, 39.0224, -0
0, 39.0337, 0, 78.0674, 0, 39.0337, -0
0, 39.0451, 0, 78.0902, 0, 39.0451, -0
0, 39.0565, 0, 78.1129, 0, 39.0565, -0
0, 39.0678, 0, 78.1357, 0, 39.0678, -0
0, 39.0792, 0, 78.1584, 0, 39.0792, -0
0, 39.0906, 0, 78.1811, 0, 39.0906, -0
0, 39.1019, 0, 78.2038, 0, 39.1019, -0
0, 39.1133, 0, 78.2265, 0, 39.1133, -0
0, 39.1246, 0, 78.2492, 0, 39.1246, -0
0, 39.136, 0, 78.2719, 0, 39.136, -0
0, 39.1473, 0, 78.2946, 0, 39.1473, -0
0, 39.1587, 0, 78.3173, 0, 39.1587, -0
0, 39.17, 0, 78.34, 0, 39.17, -0
0, 39.1813, 0, 78.3627, 0, 39.1813, -0
0, 39.1927, 0, 78.3853, 0, 39.1927, -0
0, 39.204, 0, 78.408, 0, 39.204, -0
0, 39.2153, 0, 78.4307, 0, 39.2153, -0
0, 39.2267, 0, 78.4533, 0, 39.2267, -0
0, 39.238, 0, 78.476, 0, 39.238, -0
0, 39.2493, 0, 78.4986, 0, 39.2493, -0
0, 39.2606, 0, 78.5212, 0, 39.2606, -0
0, 39.2719, 0, 78.5439, 0, 39.2719, -0
0, 39.2832, 0, 78.5665, 0, 39.2832, -0
0, 39.2946, 0, 78.5891, 0, 39.2946, -0
0, 39.3059, 0, 78.6117, 0, 39.3059, -0
0, 39.3172, 0, 78.6343, 0, 39.3172, -0
0, 39.3285, 0, 78.6569, 0, 39.3285, -0
0, 39.3398, 0, 78.6795, 0, 39.3398, -0
0, 39.3511, 0, 78.7021, 0, 39.3511, -0
0, 39.3624, 0, 78.7247, 0, 39.3624, -0
0, 39.3736, 0, 78.7473, 0, 39.3736, -0
0, 39.3849, 0, 78.7699, 0, 39.3849, -0
0, 39.3962, 0, 78.7924, 0, 39.3962, -0
0, 39.4075, 0, 78.815, 0, 39.4075, -0
0, 39.4188, 0, 78.8376, 0, 39.4188, -0
0, 39.4301, 0, 78.8601, 0, 39.4301, -0
0, 39.4413, 0, 78.8827, 0, 39.4413, -0
0, 39.4526, 0, 78.9052, 0, 39.4526, -0
0, 39.4639, 0, 78.9278, 0, 39.4639, -0
0, 39.4751, 0, 78.9503, 0, 39.4751, -0
0, 39.4864, 0, 78.9728, 0, 39.4864, -0
0, 39.4977, 0, 78.9953, 0, 39.4977, -0
0, 39.5089, 0, 79.0179, 0, 39.5089, -0
0, 39.5202, 0, 79.0404, 0, 39.5202, -0
0, 39.5314, 0, 79.0629, 0, 39.5314, -0
0, 39.5427, 0, 79.0854, 0, 39.5427, -0
0, 39.5539, 0, 79.1079, 0, 39.5539, -0
0, 39.5652, 0, 79.1304, 0, 39.5652, -0
0, 39.5764, 0, 79.1529, 0, 39.5764, -0
0, 39.5877, 0, 79.1753, 0, 39.5877, -0
0, 39.5989, 0, 79.1978, 0, 39.5989, -0
0, 39.6101, 0, 79.2203, 0, 39.6101, -0
0, 39.6214, 0, 79.2427, 0, 39.6214, -0
0, 39.6326, 0, 79.2652, 0, 39.6326, -0
0, 39.6438, 0, 79.2877, 0, 39.6438, -0
0, 39.6551, 0, 79.3101, 0, 39.6551, -0
0, 39.6663, 0, 79.3326, 0, 39.6663, -0
0, 39.6775, 0, 79.355, 0, 39.6775, -0
0, 39.6887, 0, 79.3774, 0, 39.6887, -0
0, 39.6999, 0, 79.3998, 0, 39.6999, -0
0, 39.7111, 0, 79.4223, 0, 39.7111, -0
0, 39.7223, 0, 79.4447, 0, 39.7223, -0
0, 39.7335, 0, 79.4671, 0, 39.7335, -0
0, 39.7448, 0, 79.4895, 0, 39.7448, -0
0, 39.756, 0, 79.5119, 0, 39.756, -0
0, 39.7671, 0, 79.5343, 0, 39.7671, -0
0, 39.7783, 0, 79.5567, 0, 39.7783, -0
0, 39.7895, 0, 79.5791, 0, 39.7895, -0
0, 39.8007, 0, 79.6015, 0, 39.8007, -0
0, 39.8119, 0, 79.6238, 0, 39.8119, -0
0, 39.8231, 0, 79.6462, 0, 39.8231, -0
0, 39.8343, 0, 79.6686, 0, 39.8343, -0
0, 39.8455, 0, 79.6909, 0, 39.8455, -0
0, 39.8566, 0, 79.7133, 0, 39.8566, -0
0, 39.8678, 0, 79.7356, 0, 39.8678, -0
0, 39.879, 0, 79.758, 0, 39.879, -0
0, 39.8902, 0, 79.7803, 0, 39.8902, -0
0, 39.9013, 0, 79.8026, 0, 39.9013, -0
0, 39.9125, 0, 79.825, 0, 39.9125, -0
0, 39.9236, 0, 79.8473, 0, 39.9236, -0
0, 39.9348, 0, 79.8696, 0, 39.9348, -0
0, 39.946, 0, 79.8919, 0, 39.946, -0
0, 39.9571, 0, 79.9142, 0, 39.9571, -0
0, 39.9683, 0, 79.9365, 0, 39.9683, -0
0, 39.9794, 0, 79.9588, 0, 39.9794, -0
0, 39.9906, 0, 79.9811, 0, 39.9906, -0
0, 40.0017, 0, 80.0034, 0, 40.0017, -0
0, 40.0128, 0, 80.0256, 0, 40.0128, -0
0, 40.0239, 0, 80.0478, 0, 40.0239, -0
0, 40.035, 0, 80.07, 0, 40.035, -0
0, 40.046, 0, 80.092, 0, 40.046, -0
0, 40.057, 0, 80.1141, 0, 40.057, -0
0, 40.068, 0, 80.136, 0, 40.068, -0
0, 40.0789, 0, 80.1579, 0, 40.0789, -0
0, 40.0899, 0, 80.1797, 0, 40.0899, -0
0, 40.1007, 0, 80.2015, 0, 40.1007, -0
0, 40.1116, 0, 80.2232, 0, 40.1116, -0
0, 40.1224, 0, 80.2448, 0, 40.1224, -0
0, 40.1332, 0, 80.2664, 0, 40.1332, -0
0, 40.144, 0, 80.2879, 0, 40.144, -0
0, 40.1547, 0, 80.3094, 0, 40.1547, -0
0, 40.1654, 0, 80.3308, 0, 40.1654, -0
0, 40.1761, 0, 80.3522, 0, 40.1761, -0
0, 40.1867, 0, 80.3734, 0, 40.1867, -0
0, 40.1973, 0, 80.3947, 0, 40.1973, -0
0, 40.2079, 0, 80.4158, 0, 40.2079, -0
0, 40.2185, 0, 80.4369, 0, 40.2185, -0
0, 40.229, 0, 80.458, 0, 40.229, -0
0, 40.2395, 0, 80.479, 0, 40.2395, -0
0, 40.2499, 0, 80.4999, 0, 40.2499, -0
0, 40.2604, 0, 80.5208, 0, 40.2604, -0
0, 40.2708, 0, 80.5416, 0, 40.2708, -0
0, 40.2812, 0, 80.5623, 0, 40.2812, -0
0, 40.2915, 0, 80.583, 0, 40.2915, -0
0, 40.3018, 0, 80.6036, 0, 40.3018, -0
0, 40.3121, 0, 80.6242, 0, 40.3121, -0
0, 40.3223, 0, 80.6447, 0, 40.3223, -0
0, 40.3326, 0, 80.6651, 0, 40.3326, -0
0, 40.3428, 0, 80.6855, 0, 40.3428, -0
0, 40.3529, 0, 80.7058, 0, 40.3529, -0
0, 40.3631, 0, 80.7261, 0, 40.3631, -0
0, 40.3732, 0, 80.7463, 0, 40.3732, -0
0, 40.3832, 0, 80.7665, 0, 40.3832, -0
0, 40.3933, 0, 80.7866, 0, 40.3933, -0
0, 40.4033, 0, 80.8066, 0, 40.4033, -0
0, 40.4133, 0, 80.8266, 0, 40.4133, -0
0, 40.4232, 0, 80.8465, 0, 40.4232, -0
0, 40.4332, 0, 80.8663, 0, 40.4332, -0
0, 40.4431, 0, 80.8861, 0, 40.4431, -0
0, 40.4529, 0, 80.9058, 0, 40.4529, -0
0, 40.4628, 0, 80.9255, 0, 40.4628, -0
0, 40.4726, 0, 80.9451, 0, 40.4726, -0
0, 40.4823, 0, 80.9647, 0, 40.4823, -0
0, 40.4921, 0, 80.9842, 0, 40.4921, -0
0, 40.5018, 0, 81.0036, 0, 40.5018, -0
0, 40.5115, 0, 81.023, 0, 40.5115, -0
0, 40.5212, 0, 81.0423, 0, 40.5212, -0
0, 40.5308, 0, 81.0616, 0, 40.5308, -0
0, 40.5404, 0, 81.0808, 0, 40.5404, -0
0, 40.55, 0, 81.0999, 0, 40.55, -0
0, 40.5595, 0, 81.119, 0, 40.5595, -0
0, 40.569, 0, 81.138, 0, 40.569, -0
0, 40.5785, 0, 81.157, 0, 40.5785, -0
0, 40.588, 0, 81.1759, 0, 40.588, -0
0, 40.5974, 0, 81.1948, 0, 40.5974, -0
0, 40.6068, 0, 81.2136, 0, 40.6068, -0
0, 40.6161, 0, 81.2323, 0, 40.6161, -0
0, 40.6255, 0, 81.251, 0, 40.6255, -0
0, 40.6348, 0, 81.2696, 0, 40.6348, -0
0, 40.6441, 0, 81.2881, 0, 40.6441, -0
0, 40.6533, 0, 81.3066, 0, 40.6533, -0
0, 40.6625, 0, 81.3251, 0, 40.6625, -0
0, 40.6717, 0, 81.3435, 0, 40.6717, -0
0, 40.6809, 0, 81.3618, 0, 40.6809, -0
0, 40.69, 0, 81.38, 0, 40.69, -0
0, 40.6991, 0, 81.3982, 0, 40.6991, -0
0, 40.7082, 0, 81.4164, 0, 40.7082, -0
0, 40.7172, 0, 81.4345, 0, 40.7172, -0
0, 40.7263, 0, 81.4525, 0, 40.7263, -0
0, 40.7352, 0, 81.4705, 0, 40.7352, -0
0, 40.7442, 0, 81.4884, 0, 40.7442, -0
0, 40.7531, 0, 81.5063, 0, 40.7531, -0
0, 40.762, 0, 81.5241, 0, 40.762, -0
0, 40.7709, 0, 81.5418, 0, 40.7709, -0
0, 40.7797, 0, 81.5595, 0, 40.7797, -0
0, 40.7886, 0, 81.5771, 0, 40.7886, -0
0, 40.7973, 0, 81.5947, 0, 40.7973, -0
0, 40.8061, 0, 81.6122, 0, 40.8061, -0
0, 40.8148, 0, 81.6296, 0, 40.8148, -0
0, 40.8235, 0, 81.647, 0, 40.8235, -0
0, 40.8322, 0, 81.6644, 0, 40.8322, -0
0, 40.8408, 0, 81.6816, 0, 40.8408, -0
0, 40.8494, 0, 81.6989, 0, 40.8494, -0
0, 40.858, 0, 81.716, 0, 40.858, -0
0, 40.8666, 0, 81.7331, 0, 40.8666, -0
0, 40.8751, 0, 81.7502, 0, 40.8751, -0
0, 40.8836, 0, 81.7672, 0, 40.8836, -0
0, 40.8921, 0, 81.7841, 0, 40.892, -0
0, 40.9005, 0, 81.801, 0, 40.9005, -0
0, 40.9089, 0, 81.8178, 0, 40.9089, -0
0, 40.9173, 0, 81.8345, 0, 40.9173, -0
0, 40.9256, 0, 81.8513, 0, 40.9256, -0
0, 40.9339, 0, 81.8679, 0, 40.9339, -0
0, 40.9422, 0, 81.8845, 0, 40.9422, -0
0, 40.9505, 0, 81.901, 0, 40.9505, -0
0, 40.9587, 0, 81.9175, 0, 40.9587, -0
0, 40.9669, 0, 81.9339, 0, 40.9669, -0
0, 40.9751, 0, 81.9503, 0, 40.9751, -0
0, 40.9833, 0, 81.9666, 0, 40.9833, -0
0, 40.9914, 0, 81.9828, 0, 40.9914, -0
0, 40.9995, 0, 81.999, 0, 40.9995, -0
0, 41.0076, 0, 82.0151, 0, 41.0076, -0
0, 41.0156, 0, 82.0312, 0, 41.0156, -0
0, 41.0236, 0, 82.0472, 0, 41.0236, -0
0, 41.0316, 0, 82.0632, 0, 41.0316, -0
0, 41.0395, 0, 82.0791, 0, 41.0395, -0
0, 41.0474, 0, 82.0949, 0, 41.0474, -0
0, 41.0553, 0, 82.1107, 0, 41.0553, -0
0, 41.0632, 0, 82.1264, 0, 41.0632, -0
0, 41.071, 0, 82.1421, 0, 41.071, -0
0, 41.0788, 0, 82.1577, 0, 41.0788, -0
0, 41.0866, 0, 82.1733, 0, 41.0866, -0
0, 41.0944, 0, 82.1888, 0, 41.0944, -0
0, 41.1021, 0, 82.2042, 0, 41.1021, -0
0, 41.1098, 0, 82.2196, 0, 41.1098, -0
0, 41.1175, 0, 82.2349, 0, 41.1175, -0
0, 41.1251, 0, 82.2502, 0, 41.1251, -0
0, 41.1327, 0, 82.2654, 0, 41.1327, -0
0, 41.1403, 0, 82.2806, 0, 41.1403, -0
0, 41.1478, 0, 82.2957, 0, 41.1478, -0
0, 41.1554, 0, 82.3107, 0, 41.1554, -0
0, 41.1629, 0, 82.3257, 0, 41.1629, -0
0, 41.1703, 0, 82.3406, 0, 41.1703, -0
0, 41.1778, 0, 82.3555, 0, 41.1778, -0
0, 41.1852, 0, 82.3703, 0, 41.1852, -0
0, 41.1925, 0, 82.3851, 0, 41.1925, -0
0, 41.1999, 0, 82.3998, 0, 41.1999, -0
0, 41.2072, 0, 82.4145, 0, 41.2072, -0
0, 41.2145, 0, 82.429, 0, 41.2145, -0
0, 41.2218, 0, 82.4436, 0, 41.2218, -0
0, 41.229, 0, 82.4581, 0, 41.229, -0
0, 41.2362, 0, 82.4725, 0, 41.2362, -0
0, 41.2434, 0, 82.4869, 0, 41.2434, -0
0, 41.2506, 0, 82.5012, 0, 41.2506, -0
0, 41.2577, 0, 82.5154, 0, 41.2577, -0
0, 41.2648, 0, 82.5296, 0, 41.2648, -0
0, 41.2719, 0, 82.5438, 0, 41.2719, -0
0, 41.2789, 0, 82.5579, 0, 41.2789, -0
0, 41.2859, 0, 82.5719, 0, 41.2859, -0
0, 41.2929, 0, 82.5859, 0, 41.2929, -0
0, 41.2999, 0, 82.5998, 0, 41.2999, -0
0, 41.3068, 0, 82.6136, 0, 41.3068, -0
0, 41.3137, 0, 82.6274, 0, 41.3137, -0
0, 41.3206, 0, 82.6412, 0, 41.3206, -0
0, 41.3274, 0, 82.6549, 0, 41.3274, -0
0, 41.3343, 0, 82.6685, 0, 41.3343, -0
0, 41.3411, 0, 82.6821, 0, 41.3411, -0
0, 41.3478, 0, 82.6956, 0, 41.3478, -0
0, 41.3546, 0, 82.7091, 0, 41.3546, -0
0, 41.3613, 0, 82.7225, 0, 41.3613, -0
0, 41.3679, 0, 82.7359, 0, 41.3679, -0
0, 41.3746, 0, 82.7492, 0, 41.3746, -0
0, 41.3812, 0, 82.7624, 0, 41.3812, -0
0, 41.3878, 0, 82.7756, 0, 41.3878, -0
0, 41.3944, 0, 82.7887, 0, 41.3944, -0
0, 41.4009, 0, 82.8018, 0, 41.4009, -0
0, 41.4074, 0, 82.8148, 0, 41.4074, -0
0, 41.4139, 0, 82.8278, 0, 41.4139, -0
0, 41.4204, 0, 82.8407, 0, 41.4204, -0
0, 41.4268, 0, 82.8536, 0, 41.4268, -0
0, 41.4332, 0, 82.8664, 0, 41.4332, -0
0, 41.4396, 0, 82.8791, 0, 41.4396, -0
0, 41.4459, 0, 82.8918, 0, 41.4459, -0
0, 41.4522, 0, 82.9044, 0, 41.4522, -0
0, 41.4585, 0, 82.917, 0, 41.4585, -0
0, 41.4648, 0, 82.9295, 0, 41.4648, -0
0, 41.471, 0, 82.942, 0, 41.471, -0
0, 41.4772, 0, 82.9544, 0, 41.4772, -0
0, 41.4834, 0, 82.9668, 0, 41.4834, -0
0, 41.4895, 0, 82.9791, 0, 41.4895, -0
0, 41.4956, 0, 82.9913, 0, 41.4956, -0
0, 41.5017, 0, 83.0035, 0, 41.5017, -0
0, 41.5078, 0, 83.0156, 0, 41.5078, -0
0, 41.5138, 0, 83.0277, 0, 41.5138, -0
0, 41.5199, 0, 83.0397, 0, 41.5199, -0
0, 41.5258, 0, 83.0517, 0, 41.5258, -0
0, 41.5318, 0, 83.0636, 0, 41.5318, -0
0, 41.5377, 0, 83.0754, 0, 41.5377, -0
0, 41.5436, 0, 83.0872, 0, 41.5436, -0
0, 41.5495, 0, 83.099, 0, 41.5495, -0
0, 41.5553, 0, 83.1107, 0, 41.5553, -0
0, 41.5612, 0, 83.1223, 0, 41.5612, -0
0, 41.5669, 0, 83.1339, 0, 41.5669, -0
0, 41.5727, 0, 83.1454, 0, 41.5727, -0
0, 41.5784, 0, 83.1569, 0, 41.5784, -0
0, 41.5841, 0, 83.1683, 0, 41.5841, -0
0, 41.5898, 0, 83.1796, 0, 41.5898, -0
0, 41.5955, 0, 83.1909, 0, 41.5955, -0
0, 41.6011, 0, 83.2022, 0, 41.6011, -0
0, 41.6067, 0, 83.2134, 0, 41.6067, -0
0, 41.6123, 0, 83.2245, 0, 41.6123, -0
0, 41.6178, 0, 83.2356, 0, 41.6178, -0
0, 41.6233, 0, 83.2466, 0, 41.6233, -0
0, 41.6288, 0, 83.2576, 0, 41.6288, -0
0, 41.6343, 0, 83.2685, 0, 41.6343, -0
0, 41.6397, 0, 83.2794, 0, 41.6397, -0
0, 41.6451, 0, 83.2902, 0, 41.6451, -0
0, 41.6505, 0, 83.3009, 0, 41.6505, -0
0, 41.6558, 0, 83.3116, 0, 41.6558, -0
0, 41.6611, 0, 83.3223, 0, 41.6611, -0
0, 41.6664, 0, 83.3328, 0, 41.6664, -0
0, 41.6717, 0, 83.3434, 0, 41.6717, -0
0, 41.6769, 0, 83.3539, 0, 41.6769, -0
0, 41.6821, 0, 83.3643, 0, 41.6821, -0
0, 41.6873, 0, 83.3746, 0, 41.6873, -0
0, 41.6925, 0, 83.3849, 0, 41.6925, -0
0, 41.6976, 0, 83.3952, 0, 41.6976, -0
0, 41.7027, 0, 83.4054, 0, 41.7027, -0
0, 41.7078, 0, 83.4156, 0, 41.7078, -0
0, 41.7128, 0, 83.4256, 0, 41.7128, -0
0, 41.7178, 0, 83.4357, 0, 41.7178, -0
0, 41.7228, 0, 83.4457, 0, 41.7228, -0
0, 41.7278, 0, 83.4556, 0, 41.7278, -0
0, 41.7327, 0, 83.4655, 0, 41.7327, -0
0, 41.7376, 0, 83.4753, 0, 41.7376, -0
0, 41.7425, 0, 83.485, 0, 41.7425, -0
0, 41.7474, 0, 83.4947, 0, 41.7474, -0
0, 41.7522, 0, 83.5044, 0, 41.7522, -0
0, 41.757, 0, 83.514, 0, 41.757, -0
0, 41.7618, 0, 83.5235, 0, 41.7618, -0
0, 41.7665, 0, 83.533, 0, 41.7665, -0
0, 41.7712, 0, 83.5425, 0, 41.7712, -0
0, 41.7759, 0, 83.5518, 0, 41.7759, -0
0, 41.7806, 0, 83.5612, 0, 41.7806, -0
0, 41.7852, 0, 83.5704, 0, 41.7852, -0
0, 41.7898, 0, 83.5797, 0, 41.7898, -0
0, 41.7944, 0, 83.5888, 0, 41.7944, -0
0, 41.799, 0, 83.5979, 0, 41.799, -0
0, 41.8035, 0, 83.607, 0, 41.8035, -0
0, 41.808, 0, 83.616, 0, 41.808, -0
0, 41.8125, 0, 83.6249, 0, 41.8125, -0
0, 41.8169, 0, 83.6338, 0, 41.8169, -0
0, 41.8213, 0, 83.6426, 0, 41.8213, -0
0, 41.8257, 0, 83.6514, 0, 41.8257, -0
0, 41.8301, 0, 83.6602, 0, 41.8301, -0
0, 41.8344, 0, 83.6688, 0, 41.8344, -0
0, 41.8387, 0, 83.6774, 0, 41.8387, -0
0, 41.843, 0, 83.686, 0, 41.843, -0
0, 41.8473, 0, 83.6945, 0, 41.8473, -0
0, 41.8515, 0, 83.703, 0, 41.8515, -0
0, 41.8557, 0, 83.7114, 0, 41.8557, -0
0, 41.8599, 0, 83.7197, 0, 41.8599, -0
0, 41.864, 0, 83.728, 0, 41.864, -0
0, 41.8681, 0, 83.7362, 0, 41.8681, -0
0, 41.8722, 0, 83.7444, 0, 41.8722, -0
0, 41.8763, 0, 83.7525, 0, 41.8763, -0
0, 41.8803, 0, 83.7606, 0, 41.8803, -0
0, 41.8843, 0, 83.7686, 0, 41.8843, -0
0, 41.8883, 0, 83.7766, 0, 41.8883, -0
0, 41.8923, 0, 83.7845, 0, 41.8923, -0
0, 41.8962, 0, 83.7924, 0, 41.8962, -0
0, 41.9001, 0, 83.8002, 0, 41.9001, -0
0, 41.904, 0, 83.8079, 0, 41.904, -0
0, 41.9078, 0, 83.8156, 0, 41.9078, -0
0, 41.9116, 0, 83.8233, 0, 41.9116, -0
0, 41.9154, 0, 83.8308, 0, 41.9154, -0
0, 41.9192, 0, 83.8384, 0, 41.9192, -0
0, 41.9229, 0, 83.8458, 0, 41.9229, -0
0, 41.9266, 0, 83.8533, 0, 41.9266, -0
0, 41.9303, 0, 83.8606, 0, 41.9303, -0
0, 41.934, 0, 83.868, 0, 41.934, -0
0, 41.9376, 0, 83.8752, 0, 41.9376, -0
0, 41.9412, 0, 83.8824, 0, 41.9412, -0
0, 41.9448, 0, 83.8896, 0, 41.9448, -0
0, 41.9483, 0, 83.8967, 0, 41.9483, -0
0, 41.9519, 0, 83.9037, 0, 41.9519, -0
0, 41.9554, 0, 83.9107, 0, 41.9554, -0
0, 41.9588, 0, 83.9176, 0, 41.9588, -0
0, 41.9623, 0, 83.9245, 0, 41.9623, -0
0, 41.9657, 0, 83.9313, 0, 41.9657, -0
0, 41.9691, 0, 83.9381, 0, 41.9691, -0
0, 41.9724, 0, 83.9448, 0, 41.9724, -0
0, 41.9758, 0, 83.9515, 0, 41.9758, -0
0, 41.9791, 0, 83.9581, 0, 41.9791, -0
0, 41.9823, 0, 83.9647, 0, 41.9823, -0
0, 41.9856, 0, 83.9712, 0, 41.9856, -0
0, 41.9888, 0, 83.9776, 0, 41.9888, -0
0, 41.992, 0, 83.984, 0, 41.992, -0
0, 41.9952, 0, 83.9904, 0, 41.9952, -0
0, 41.9983, 0, 83.9967, 0, 41.9983, -0
0, 42.0014, 0, 84.0029, 0, 42.0014, -0
0, 42.0045, 0, 84.0091, 0, 42.0045, -0
0, 42.0076, 0, 84.0152, 0, 42.0076, -0
0, 42.0106, 0, 84.0213, 0, 42.0106, -0
0, 42.0136, 0, 84.0273, 0, 42.0136, -0
0, 42.0166, 0, 84.0333, 0, 42.0166, -0
0, 42.0196, 0, 84.0392, 0, 42.0196, -0
0, 42.0225, 0, 84.045, 0, 42.0225, -0
0, 42.0254, 0, 84.0508, 0, 42.0254, -0
0, 42.0283, 0, 84.0566, 0, 42.0283, -0
0, 42.0311, 0, 84.0623, 0, 42.0311, -0
0, 42.034, 0, 84.0679, 0, 42.034, -0
0, 42.0368, 0, 84.0735, 0, 42.0368, -0
0, 42.0395, 0, 84.079, 0, 42.0395, -0
0, 42.0423, 0, 84.0845, 0, 42.0423, -0
0, 42.045, 0, 84.09, 0, 42.045, -0
0, 42.0477, 0, 84.0953, 0, 42.0477, -0
0, 42.0503, 0, 84.1007, 0, 42.0503, -0
0, 42.053, 0, 84.1059, 0, 42.053, -0
0, 42.0556, 0, 84.1111, 0, 42.0556, -0
0, 42.0581, 0, 84.1163, 0, 42.0581, -0
0, 42.0607, 0, 84.1214, 0, 42.0607, -0
0, 42.0632, 0, 84.1264, 0, 42.0632, -0
0, 42.0657, 0, 84.1314, 0, 42.0657, -0
0, 42.0682, 0, 84.1364, 0, 42.0682, -0
0, 42.0706, 0, 84.1413, 0, 42.0706, -0
0, 42.0731, 0, 84.1461, 0, 42.0731, -0
0, 42.0754, 0, 84.1509, 0, 42.0754, -0
0, 42.0778, 0, 84.1556, 0, 42.0778, -0
0, 42.0802, 0, 84.1603, 0, 42.0802, -0
0, 42.0825, 0, 84.1649, 0, 42.0825, -0
0, 42.0847, 0, 84.1695, 0, 42.0847, -0
0, 42.087, 0, 84.174, 0, 42.087, -0
0, 42.0892, 0, 84.1785, 0, 42.0892, -0
0, 42.0914, 0, 84.1829, 0, 42.0914, -0
0, 42.0936, 0, 84.1872, 0, 42.0936, -0
0, 42.0958, 0, 84.1915, 0, 42.0958, -0
0, 42.0979, 0, 84.1958, 0, 42.0979, -0
0, 42.1, 0, 84.2, 0, 42.1, -0
0, 42.1021, 0, 84.2041, 0, 42.1021, -0
0, 42.1041, 0, 84.2082, 0, 42.1041, -0
0, 42.1061, 0, 84.2122, 0, 42.1061, -0
0, 42.1081, 0, 84.2162, 0, 42.1081, -0
0, 42.1101, 0, 84.2201, 0, 42.1101, -0
0, 42.112, 0, 84.224, 0, 42.112, -0
0, 42.1139, 0, 84.2278, 0, 42.1139, -0
0, 42.1158, 0, 84.2316, 0, 42.1158, -0
0, 42.1176, 0, 84.2353, 0, 42.1176, -0
0, 42.1195, 0, 84.239, 0, 42.1195, -0
0, 42.1213, 0, 84.2426, 0, 42.1213, -0
0, 42.1231, 0, 84.2461, 0, 42.1231, -0
0, 42.1248, 0, 84.2496, 0, 42.1248, -0
0, 42.1265, 0, 84.253, 0, 42.1265, -0
0, 42.1282, 0, 84.2564, 0, 42.1282, -0
0, 42.1299, 0, 84.2598, 0, 42.1299, -0
0, 42.1315, 0, 84.2631, 0, 42.1315, -0
0, 42.1331, 0, 84.2663, 0, 42.1331, -0
0, 42.1347, 0, 84.2695, 0, 42.1347, -0
0, 42.1363, 0, 84.2726, 0, 42.1363, -0
0, 42.1378, 0, 84.2757, 0, 42.1378, -0
0, 42.1393, 0, 84.2787, 0, 42.1393, -0
0, 42.1408, 0, 84.2816, 0, 42.1408, -0
0, 42.1423, 0, 84.2845, 0, 42.1423, -0
0, 42.1437, 0, 84.2874, 0, 42.1437, -0
0, 42.1451, 0, 84.2902, 0, 42.1451, -0
0, 42.1465, 0, 84.2929, 0, 42.1465, -0
0, 42.1478, 0, 84.2956, 0, 42.1478, -0
0, 42.1491, 0, 84.2983, 0, 42.1491, -0
0, 42.1504, 0, 84.3009, 0, 42.1504, -0
0, 42.1517, 0, 84.3034, 0, 42.1517, -0
0, 42.1529, 0, 84.3059, 0, 42.1529, -0
0, 42.1542, 0, 84.3083, 0, 42.1542, -0
0, 42.1553, 0, 84.3107, 0, 42.1553, -0
0, 42.1565, 0, 84.313, 0, 42.1565, -0
0, 42.1576, 0, 84.3153, 0, 42.1576, -0
0, 42.1587, 0, 84.3175, 0, 42.1587, -0
0, 42.1598, 0, 84.3197, 0, 42.1598, -0
0, 42.1609, 0, 84.3218, 0, 42.1609, -0
0, 42.1619, 0, 84.3238, 0, 42.1619, -0
0, 42.1629, 0, 84.3258, 0, 42.1629, -0
0, 42.1639, 0, 84.3278, 0, 42.1639, -0
0, 42.1648, 0, 84.3297, 0, 42.1648, -0
0, 42.1657, 0, 84.3315, 0, 42.1657, -0
0, 42.1666, 0, 84.3333, 0, 42.1666, -0
0, 42.1675, 0, 84.335, 0, 42.1675, -0
0, 42.1683, 0, 84.3367, 0, 42.1683, -0
0, 42.1692, 0, 84.3383, 0, 42.1692, -0
0, 42.1699, 0, 84.3399, 0, 42.1699, -0
0, 42.1707, 0, 84.3414, 0, 42.1707, -0
0, 42.1714, 0, 84.3429, 0, 42.1714, -0
0, 42.1721, 0, 84.3443, 0, 42.1721, -0
0, 42.1728, 0, 84.3457, 0, 42.1728, -0
0, 42.1735, 0, 84.347, 0, 42.1735, -0
0, 42.1741, 0, 84.3482, 0, 42.1741, -0
0, 42.1747, 0, 84.3494, 0, 42.1747, -0
0, 42.1753, 0, 84.3506, 0, 42.1753, -0
0, 42.1758, 0, 84.3517, 0, 42.1758, -0
0, 42.1763, 0, 84.3527, 0, 42.1763, -0
0, 42.1768, 0, 84.3537, 0, 42.1768, -0
0, 42.1773, 0, 84.3546, 0, 42.1773, -0
0, 42.1777, 0, 84.3555, 0, 42.1777, -0
0, 42.1782, 0, 84.3563, 0, 42.1782, -0
0, 42.1785, 0, 84.3571, 0, 42.1785, -0
0, 42.1789, 0, 84.3578, 0, 42.1789, -0
0, 42.1792, 0, 84.3585, 0, 42.1792, -0
0, 42.1795, 0, 84.3591, 0, 42.1795, -0
0, 42.1798, 0, 84.3597, 0, 42.1798, -0
0, 42.1801, 0, 84.3602, 0, 42.1801, -0
0, 42.1803, 0, 84.3606, 0, 42.1803, -0
0, 42.1805, 0, 84.361, 0, 42.1805, -0
0, 42.1807, 0, 84.3614, 0, 42.1807, -0
0, 42.1808, 0, 84.3617, 0, 42.1808, -0
0, 42.1809, 0, 84.3619, 0, 42.1809, -0
0, 42.181, 0, 84.3621, 0, 42.181, -0
0, 42.1811, 0, 84.3622, 0, 42.1811, -0
0, 42.1811, 0, 84.3623, 0, 42.1811, -0
0, 42.1812, 0, 84.3623, 0, 42.1812, -0
