0, 60, 0, 90, 0, 60, -0, 
0, 60, 0, 90, 0, 60, -0, 
0, 60.0001, 0, 90.0001, 0, 60, -0, 
0, 60.0001, 0, 90.0002, 0, 60.0001, -0, 
0, 60.0002, 0, 90.0004, 0, 60.0001, -0, 
0, 60.0004, 0, 90.0006, 0, 60.0002, -0, 
0, 60.0006, 0, 90.0009, 0, 60.0003, -0, 
0, 60.0008, 0, 90.0012, 0, 60.0004, -0, 
0, 60.001, 0, 90.0016, 0, 60.0006, -0, 
0, 60.0013, 0, 90.002, 0, 60.0007, -0, 
0, 60.0016, 0, 90.0024, 0, 60.0009, -0, 
0, 60.0019, 0, 90.003, 0, 60.0011, -0, 
0, 60.0022, 0, 90.0035, 0, 60.0013, -0, 
0, 60.0026, 0, 90.0041, 0, 60.0015, -0, 
0, 60.003, 0, 90.0048, 0, 60.0018, -0, 
0, 60.0035, 0, 90.0055, 0, 60.002, -0, 
0, 60.004, 0, 90.0063, 0, 60.0023, -0, 
0, 60.0045, 0, 90.0071, 0, 60.0026, -0, 
0, 60.005, 0, 90.0079, 0, 60.0029, -0, 
0, 60.0056, 0, 90.0088, 0, 60.0032, -0, 
0, 60.0062, 0, 90.0098, 0, 60.0036, -0, 
0, 60.0068, 0, 90.0108, 0, 60.0039, -0, 
0, 60.0075, 0, 90.0118, 0, 60.0043, -0, 
0, 60.0082, 0, 90.0129, 0, 60.0047, -0, 
0, 60.0089, 0, 90.0141, 0, 60.0052, -0, 
0, 60.0097, 0, 90.0153, 0, 60.0056, -0, 
0, 60.0105, 0, 90.0165, 0, 60.0061, -0, 
0, 60.0113, 0, 90.0178, 0, 60.0065, -0, 
0, 60.0122, 0, 90.0192, 0, 60.007, -0, 
0, 60.013, 0, 90.0206, 0, 60.0075, -0, 
0, 60.014, 0, 90.022, 0, 60.0081, -0, 
0, 60.0149, 0, 90.0235, 0, 60.0086, -0, 
0, 60.0159, 0, 90.025, 0, 60.0092, -0, 
0, 60.0169, 0, 90.0266, 0, 60.0097, -0, 
0, 60.0179, 0, 90.0283, 0, 60.0103, -0, 
0, 60.019, 0, 90.03, 0, 60.011, -0, 
0, 60.0201, 0, 90.0317, 0, 60.0116, -0, 
0, 60.0212, 0, 90.0335, 0, 60.0123, -0, 
0, 60.0224, 0, 90.0353, 0, 60.0129, -0, 
0, 60.0236, 0, 90.0372, 0, 60.0136, -0, 
0, 60.0248, 0, 90.0391, 0, 60.0143, -0, 
0, 60.0261, 0, 90.0411, 0, 60.015, -0, 
0, 60.0274, 0, 90.0431, 0, 60.0158, -0, 
0, 60.0287, 0, 90.0452, 0, 60.0165, -0, 
0, 60.03, 0, 90.0473, 0, 60.0173, -0, 
0, 60.0314, 0, 90.0495, 0, 60.0181, -0, 
0, 60.0328, 0, 90.0517, 0, 60.0189, -0, 
0, 60.0342, 0, 90.054, 0, 60.0198, -0, 
0, 60.0357, 0, 90.0563, 0, 60.0206, -0, 
0, 60.0372, 0, 90.0587, 0, 60.0215, -0, 
0, 60.0388, 0, 90.0611, 0, 60.0224, -0, 
0, 60.0403, 0, 90.0636, 0, 60.0233, -0, 
0, 60.0419, 0, 90.0661, 0, 60.0242, -0, 
0, 60.0436, 0, 90.0687, 0, 60.0251, -0, 
0, 60.0452, 0, 90.0713, 0, 60.0261, -0, 
0, 60.0469, 0, 90.074, 0, 60.0271, -0, 
0, 60.0486, 0, 90.0767, 0, 60.0281, -0, 
0, 60.0504, 0, 90.0794, 0, 60.0291, -0, 
0, 60.0522, 0, 90.0822, 0, 60.0301, -0, 
0, 60.054, 0, 90.0851, 0, 60.0311, -0, 
0, 60.0558, 0, 90.088, 0, 60.0322, -0, 
0, 60.0577, 0, 90.091, 0, 60.0333, -0, 
0, 60.0596, 0, 90.094, 0, 60.0344, -0, 
0, 60.0615, 0, 90.097, 0, 60.0355, -0, 
0, 60.0635, 0, 90.1001, 0, 60.0366, -0, 
0, 60.0655, 0, 90.1033, 0, 60.0378, -0, 
0, 60.0675, 0, 90.1065, 0, 60.039, -0, 
0, 60.0696, 0, 90.1097, 0, 60.0401, -0, 
0, 60.0717, 0, 90.113, 0, 60.0414, -0, 
0, 60.0738, 0, 90.1164, 0, 60.0426, -0, 
0, 60.076, 0, 90.1198, 0, 60.0438, -0, 
0, 60.0781, 0, 90.1232, 0, 60.0451, -0, 
0, 60.0804, 0, 90.1267, 0, 60.0464, -0, 
0, 60.0826, 0, 90.1303, 0, 60.0476, -0, 
0, 60.0849, 0, 90.1339, 0, 60.049, -0, 
0, 60.0872, 0, 90.1375, 0, 60.0503, -0, 
0, 60.0895, 0, 90.1412, 0, 60.0516, -0, 
0, 60.0919, 0, 90.1449, 0, 60.053, -0, 
0, 60.0943, 0, 90.1487, 0, 60.0544, -0, 
0, 60.0967, 0, 90.1525, 0, 60.0558, -0, 
0, 60.0992, 0, 90.1564, 0, 60.0572, -0, 
0, 60.1017, 0, 90.1604, 0, 60.0586, -0, 
0, 60.1042, 0, 90.1643, 0, 60.0601, -0, 
0, 60.1068, 0, 90.1684, 0, 60.0616, -0, 
0, 60.1094, 0, 90.1724, 0, 60.0631, -0, 
0, 60.112, 0, 90.1766, 0, 60.0646, -0, 
0, 60.1146, 0, 90.1807, 0, 60.0661, -0, 
0, 60.1173, 0, 90.185, 0, 60.0676, -0, 
0, 60.12, 0, 90.1892, 0, 60.0692, -0, 
0, 60.1228, 0, 90.1936, 0, 60.0708, -0, 
0, 60.1256, 0, 90.1979, 0, 60.0724, -0, 
0, 60.1284, 0, 90.2024, 0, 60.074, -0, 
0, 60.1312, 0, 90.2068, 0, 60.0756, -0, 
0, 60.1341, 0, 90.2113, 0, 60.0773, -0, 
0, 60.137, 0, 90.2159, 0, 60.0789, -0, 
0, 60.1399, 0, 90.2205, 0, 60.0806, -0, 
0, 60.1428, 0, 90.2252, 0, 60.0823, -0, 
0, 60.1458, 0, 90.2299, 0, 60.084, -0, 
0, 60.1489, 0, 90.2346, 0, 60.0858, -0, 
0, 60.1519, 0, 90.2395, 0, 60.0875, -0, 
0, 60.155, 0, 90.2443, 0, 60.0893, -0, 
0, 60.1581, 0, 90.2492, 0, 60.0911, -0, 
0, 60.1613, 0, 90.2542, 0, 60.0929, -0, 
0, 60.1644, 0, 90.2592, 0, 60.0947, -0, 
0, 60.1676, 0, 90.2642, 0, 60.0966, -0, 
0, 60.1709, 0, 90.2693, 0, 60.0984, -0, 
0, 60.1741, 0, 90.2745, 0, 60.1003, -0, 
0, 60.1774, 0, 90.2797, 0, 60.1022, -0, 
0, 60.1808, 0, 90.2849, 0, 60.1041, -0, 
0, 60.1841, 0, 90.2902, 0, 60.1061, -0, 
0, 60.1875, 0, 90.2955, 0, 60.108, -0, 
0, 60.1909, 0, 90.3009, 0, 60.11, -0, 
0, 60.1944, 0, 90.3064, 0, 60.112, -0, 
0, 60.1979, 0, 90.3119, 0, 60.114, -0, 
0, 60.2014, 0, 90.3174, 0, 60.116, -0, 
0, 60.2049, 0, 90.323, 0, 60.118, -0, 
0, 60.2085, 0, 90.3286, 0, 60.1201, -0, 
0, 60.2121, 0, 90.3343, 0, 60.1222, -0, 
0, 60.2158, 0, 90.34, 0, 60.1242, -0, 
0, 60.2194, 0, 90.3458, 0, 60.1264, -0, 
0, 60.2231, 0, 90.3516, 0, 60.1285, -0, 
0, 60.2269, 0, 90.3575, 0, 60.1306, -0, 
0, 60.2306, 0, 90.3634, 0, 60.1328, -0, 
0, 60.2344, 0, 90.3694, 0, 60.135, -0, 
0, 60.2383, 0, 90.3754, 0, 60.1372, -0, 
0, 60.2421, 0, 90.3815, 0, 60.1394, -0, 
0, 60.246, 0, 90.3876, 0, 60.1416, -0, 
0, 60.2499, 0, 90.3938, 0, 60.1438, -0, 
0, 60.2539, 0, 90.4, 0, 60.1461, -0, 
0, 60.2578, 0, 90.4062, 0, 60.1484, -0, 
0, 60.2619, 0, 90.4126, 0, 60.1507, -0, 
0, 60.2659, 0, 90.4189, 0, 60.153, -0, 
0, 60.27, 0, 90.4253, 0, 60.1554, -0, 
0, 60.2741, 0, 90.4318, 0, 60.1577, -0, 
0, 60.2782, 0, 90.4383, 0, 60.1601, -0, 
0, 60.2824, 0, 90.4448, 0, 60.1625, -0, 
0, 60.2866, 0, 90.4514, 0, 60.1649, -0, 
0, 60.2908, 0, 90.4581, 0, 60.1673, -0, 
0, 60.295, 0, 90.4648, 0, 60.1697, -0, 
0, 60.2993, 0, 90.4715, 0, 60.1722, -0, 
0, 60.3037, 0, 90.4783, 0, 60.1747, -0, 
0, 60.308, 0, 90.4852, 0, 60.1772, -0, 
0, 60.3124, 0, 90.4921, 0, 60.1797, -0, 
0, 60.3168, 0, 90.499, 0, 60.1822, -0, 
0, 60.3212, 0, 90.506, 0, 60.1847, -0, 
0, 60.3257, 0, 90.513, 0, 60.1873, -0, 
0, 60.3302, 0, 90.5201, 0, 60.1899, -0, 
0, 60.3348, 0, 90.5272, 0, 60.1925, -0, 
0, 60.3393, 0, 90.5344, 0, 60.1951, -0, 
0, 60.3439, 0, 90.5416, 0, 60.1977, -0, 
0, 60.3485, 0, 90.5489, 0, 60.2004, -0, 
0, 60.3532, 0, 90.5562, 0, 60.203, -0, 
0, 60.3579, 0, 90.5636, 0, 60.2057, -0, 
0, 60.3626, 0, 90.571, 0, 60.2084, -0, 
0, 60.3674, 0, 90.5785, 0, 60.2111, -0, 
0, 60.3721, 0, 90.586, 0, 60.2139, -0, 
0, 60.377, 0, 90.5936, 0, 60.2166, -0, 
0, 60.3818, 0, 90.6012, 0, 60.2194, -0, 
0, 60.3867, 0, 90.6089, 0, 60.2222, -0, 
0, 60.3916, 0, 90.6166, 0, 60.225, -0, 
0, 60.3965, 0, 90.6243, 0, 60.2278, -0, 
0, 60.4015, 0, 90.6321, 0, 60.2307, -0, 
0, 60.4065, 0, 90.64, 0, 60.2335, -0, 
0, 60.4115, 0, 90.6479, 0, 60.2364, -0, 
0, 60.4166, 0, 90.6558, 0, 60.2393, -0, 
0, 60.4216, 0, 90.6638, 0, 60.2422, -0, 
0, 60.4268, 0, 90.6719, 0, 60.2451, -0, 
0, 60.4319, 0, 90.68, 0, 60.248, -0, 
0, 60.4371, 0, 90.6881, 0, 60.251, -0, 
0, 60.4423, 0, 90.6963, 0, 60.254, -0, 
0, 60.4476, 0, 90.7045, 0, 60.257, -0, 
0, 60.4528, 0, 90.7128, 0, 60.26, -0, 
0, 60.4581, 0, 90.7212, 0, 60.263, -0, 
0, 60.4635, 0, 90.7295, 0, 60.2661, -0, 
0, 60.4688, 0, 90.738, 0, 60.2691, -0, 
0, 60.4742, 0, 90.7464, 0, 60.2722, -0, 
0, 60.4797, 0, 90.755, 0, 60.2753, -0, 
0, 60.4851, 0, 90.7635, 0, 60.2784, -0, 
0, 60.4906, 0, 90.7722, 0, 60.2816, -0, 
0, 60.4961, 0, 90.7808, 0, 60.2847, -0, 
0, 60.5017, 0, 90.7895, 0, 60.2879, -0, 
0, 60.5073, 0, 90.7983, 0, 60.291, -0, 
0, 60.5129, 0, 90.8071, 0, 60.2942, -0, 
0, 60.5185, 0, 90.816, 0, 60.2975, -0, 
0, 60.5242, 0, 90.8249, 0, 60.3007, -0, 
0, 60.5299, 0, 90.8338, 0, 60.3039, -0, 
0, 60.5356, 0, 90.8429, 0, 60.3072, -0, 
0, 60.5414, 0, 90.8519, 0, 60.3105, -0, 
0, 60.5472, 0, 90.861, 0, 60.3138, -0, 
0, 60.553, 0, 90.8701, 0, 60.3171, -0, 
0, 60.5589, 0, 90.8793, 0, 60.3205, -0, 
0, 60.5648, 0, 90.8886, 0, 60.3238, -0, 
0, 60.5707, 0, 90.8979, 0, 60.3272, -0, 
0, 60.5766, 0, 90.9072, 0, 60.3306, -0, 
0, 60.5826, 0, 90.9166, 0, 60.334, -0, 
0, 60.5886, 0, 90.926, 0, 60.3374, -0, 
0, 60.5947, 0, 90.9355, 0, 60.3408, -0, 
0, 60.6008, 0, 90.945, 0, 60.3443, -0, 
0, 60.6069, 0, 90.9546, 0, 60.3478, -0, 
0, 60.613, 0, 90.9642, 0, 60.3512, -0, 
0, 60.6192, 0, 90.9739, 0, 60.3548, -0, 
0, 60.6254, 0, 90.9836, 0, 60.3583, -0, 
0, 60.6316, 0, 90.9934, 0, 60.3618, -0, 
0, 60.6378, 0, 91.0032, 0, 60.3654, -0, 
0, 60.6441, 0, 91.0131, 0, 60.3689, -0, 
0, 60.6504, 0, 91.023, 0, 60.3725, -0, 
0, 60.6568, 0, 91.0329, 0, 60.3761, -0, 
0, 60.6632, 0, 91.0429, 0, 60.3798, -0, 
0, 60.6696, 0, 91.053, 0, 60.3834, -0, 
0, 60.676, 0, 91.0631, 0, 60.3871, -0, 
0, 60.6825, 0, 91.0732, 0, 60.3907, -0, 
0, 60.689, 0, 91.0834, 0, 60.3944, -0, 
0, 60.6955, 0, 91.0937, 0, 60.3981, -0, 
0, 60.7021, 0, 91.104, 0, 60.4019, -0, 
0, 60.7087, 0, 91.1143, 0, 60.4056, -0, 
0, 60.7153, 0, 91.1247, 0, 60.4094, -0, 
0, 60.722, 0, 91.1351, 0, 60.4131, -0, 
0, 60.7287, 0, 91.1456, 0, 60.4169, -0, 
0, 60.7354, 0, 91.1561, 0, 60.4207, -0, 
0, 60.7421, 0, 91.1667, 0, 60.4246, -0, 
0, 60.7489, 0, 91.1773, 0, 60.4284, -0, 
0, 60.7557, 0, 91.188, 0, 60.4323, -0, 
0, 60.7626, 0, 91.1987, 0, 60.4361, -0, 
0, 60.7694, 0, 91.2095, 0, 60.44, -0, 
0, 60.7763, 0, 91.2203, 0, 60.4439, -0, 
0, 60.7833, 0, 91.2311, 0, 60.4479, -0, 
0, 60.7902, 0, 91.242, 0, 60.4518, -0, 
0, 60.7972, 0, 91.253, 0, 60.4558, -0, 
0, 60.8043, 0, 91.264, 0, 60.4597, -0, 
0, 60.8113, 0, 91.275, 0, 60.4637, -0, 
0, 60.8184, 0, 91.2861, 0, 60.4677, -0, 
0, 60.8255, 0, 91.2973, 0, 60.4718, -0, 
0, 60.8327, 0, 91.3085, 0, 60.4758, -0, 
0, 60.8398, 0, 91.3197, 0, 60.4799, -0, 
0, 60.847, 0, 91.331, 0, 60.4839, -0, 
0, 60.8543, 0, 91.3423, 0, 60.488, -0, 
0, 60.8615, 0, 91.3537, 0, 60.4921, -0, 
0, 60.8688, 0, 91.3651, 0, 60.4963, -0, 
0, 60.8762, 0, 91.3766, 0, 60.5004, -0, 
0, 60.8835, 0, 91.3881, 0, 60.5046, -0, 
0, 60.8909, 0, 91.3997, 0, 60.5087, -0, 
0, 60.8984, 0, 91.4113, 0, 60.5129, -0, 
0, 60.9058, 0, 91.4229, 0, 60.5171, -0, 
0, 60.9133, 0, 91.4347, 0, 60.5214, -0, 
0, 60.9208, 0, 91.4464, 0, 60.5256, -0, 
0, 60.9283, 0, 91.4582, 0, 60.5299, -0, 
0, 60.9359, 0, 91.4701, 0, 60.5341, -0, 
0, 60.9435, 0, 91.4819, 0, 60.5384, -0, 
0, 60.9512, 0, 91.4939, 0, 60.5427, -0, 
0, 60.9588, 0, 91.5059, 0, 60.547, -0, 
0, 60.9665, 0, 91.5179, 0, 60.5514, -0, 
0, 60.9743, 0, 91.53, 0, 60.5557, -0, 
0, 60.982, 0, 91.5421, 0, 60.5601, -0, 
0, 60.9898, 0, 91.5543, 0, 60.5645, -0, 
0, 60.9976, 0, 91.5665, 0, 60.5689, -0, 
0, 61.0055, 0, 91.5788, 0, 60.5733, -0, 
0, 61.0133, 0, 91.5911, 0, 60.5778, -0, 
0, 61.0213, 0, 91.6035, 0, 60.5822, -0, 
0, 61.0292, 0, 91.6159, 0, 60.5867, -0, 
0, 61.0372, 0, 91.6283, 0, 60.5912, -0, 
0, 61.0452, 0, 91.6408, 0, 60.5957, -0, 
0, 61.0532, 0, 91.6534, 0, 60.6002, -0, 
0, 61.0613, 0, 91.666, 0, 60.6047, -0, 
0, 61.0694, 0, 91.6786, 0, 60.6093, -0, 
0, 61.0775, 0, 91.6913, 0, 60.6138, -0, 
0, 61.0856, 0, 91.7041, 0, 60.6184, -0, 
0, 61.0938, 0, 91.7168, 0, 60.623, -0, 
0, 61.102, 0, 91.7297, 0, 60.6276, -0, 
0, 61.1103, 0, 91.7426, 0, 60.6323, -0, 
0, 61.1186, 0, 91.7555, 0, 60.6369, -0, 
0, 61.1269, 0, 91.7684, 0, 60.6416, -0, 
0, 61.1352, 0, 91.7815, 0, 60.6462, -0, 
0, 61.1436, 0, 91.7945, 0, 60.6509, -0, 
0, 61.152, 0, 91.8076, 0, 60.6557, -0, 
0, 61.1604, 0, 91.8208, 0, 60.6604, -0, 
0, 61.1689, 0, 91.834, 0, 60.6651, -0, 
0, 61.1774, 0, 91.8472, 0, 60.6699, -0, 
0, 61.1859, 0, 91.8605, 0, 60.6747, -0, 
0, 61.1944, 0, 91.8739, 0, 60.6794, -0, 
0, 61.203, 0, 91.8873, 0, 60.6843, -0, 
0, 61.2116, 0, 91.9007, 0, 60.6891, -0, 
0, 61.2203, 0, 91.9142, 0, 60.6939, -0, 
0, 61.2289, 0, 91.9277, 0, 60.6988, -0, 
0, 61.2376, 0, 91.9413, 0, 60.7036, -0, 
0, 61.2464, 0, 91.9549, 0, 60.7085, -0, 
0, 61.2551, 0, 91.9686, 0, 60.7134, -0, 
0, 61.2639, 0, 91.9823, 0, 60.7184, -0, 
0, 61.2728, 0, 91.9961, 0, 60.7233, -0, 
0, 61.2816, 0, 92.0099, 0, 60.7282, -0, 
0, 61.2905, 0, 92.0237, 0, 60.7332, -0, 
0, 61.2994, 0, 92.0376, 0, 60.7382, -0, 
0, 61.3084, 0, 92.0516, 0, 60.7432, -0, 
0, 61.3173, 0, 92.0655, 0, 60.7482, -0, 
0, 61.3264, 0, 92.0796, 0, 60.7532, -0, 
0, 61.3354, 0, 92.0937, 0, 60.7583, -0, 
0, 61.3445, 0, 92.1078, 0, 60.7633, -0, 
0, 61.3536, 0, 92.122, 0, 60.7684, -0, 
0, 61.3627, 0, 92.1362, 0, 60.7735, -0, 
0, 61.3718, 0, 92.1505, 0, 60.7786, -0, 
0, 61.381, 0, 92.1648, 0, 60.7837, -0, 
0, 61.3903, 0, 92.1791, 0, 60.7889, -0, 
0, 61.3995, 0, 92.1935, 0, 60.794, -0, 
0, 61.4088, 0, 92.208, 0, 60.7992, -0, 
0, 61.4181, 0, 92.2225, 0, 60.8044, -0, 
0, 61.4274, 0, 92.237, 0, 60.8096, -0, 
0, 61.4368, 0, 92.2516, 0, 60.8148, -0, 
0, 61.4462, 0, 92.2663, 0, 60.82, -0, 
0, 61.4556, 0, 92.2809, 0, 60.8253, -0, 
0, 61.4651, 0, 92.2957, 0, 60.8306, -0, 
0, 61.4746, 0, 92.3105, 0, 60.8358, -0, 
0, 61.4841, 0, 92.3253, 0, 60.8411, -0, 
0, 61.4937, 0, 92.3401, 0, 60.8465, -0, 
0, 61.5033, 0, 92.3551, 0, 60.8518, -0, 
0, 61.5129, 0, 92.37, 0, 60.8571, -0, 
0, 61.5225, 0, 92.385, 0, 60.8625, -0, 
0, 61.5322, 0, 92.4001, 0, 60.8679, -0, 
0, 61.5419, 0, 92.4152, 0, 60.8732, -0, 
0, 61.5516, 0, 92.4303, 0, 60.8786, -0, 
0, 61.5614, 0, 92.4455, 0, 60.8841, -0, 
0, 61.5712, 0, 92.4607, 0, 60.8895, -0, 
0, 61.581, 0, 92.476, 0, 60.895, -0, 
0, 61.5909, 0, 92.4913, 0, 60.9004, -0, 
0, 61.6008, 0, 92.5067, 0, 60.9059, -0, 
0, 61.6107, 0, 92.5221, 0, 60.9114, -0, 
0, 61.6207, 0, 92.5376, 0, 60.9169, -0, 
0, 61.6306, 0, 92.5531, 0, 60.9224, -0, 
0, 61.6406, 0, 92.5686, 0, 60.928, -0, 
0, 61.6507, 0, 92.5842, 0, 60.9335, -0, 
0, 61.6607, 0, 92.5999, 0, 60.9391, -0, 
0, 61.6708, 0, 92.6156, 0, 60.9447, -0, 
0, 61.681, 0, 92.6313, 0, 60.9503, -0, 
0, 61.6911, 0, 92.6471, 0, 60.9559, -0, 
0, 61.7013, 0, 92.6629, 0, 60.9616, -0, 
0, 61.7115, 0, 92.6788, 0, 60.9672, -0, 
0, 61.7218, 0, 92.6947, 0, 60.9729, -0, 
0, 61.7321, 0, 92.7106, 0, 60.9786, -0, 
0, 61.7424, 0, 92.7266, 0, 60.9843, -0, 
0, 61.7527, 0, 92.7427, 0, 60.99, -0, 
0, 61.7631, 0, 92.7588, 0, 60.9957, -0, 
0, 61.7735, 0, 92.7749, 0, 61.0014, -0, 
0, 61.7839, 0, 92.7911, 0, 61.0072, -0, 
0, 61.7944, 0, 92.8074, 0, 61.013, -0, 
0, 61.8049, 0, 92.8236, 0, 61.0187, -0, 
0, 61.8154, 0, 92.84, 0, 61.0245, -0, 
0, 61.826, 0, 92.8563, 0, 61.0304, -0, 
0, 61.8366, 0, 92.8728, 0, 61.0362, -0, 
0, 61.8472, 0, 92.8892, 0, 61.042, -0, 
0, 61.8578, 0, 92.9057, 0, 61.0479, -0, 
0, 61.8685, 0, 92.9223, 0, 61.0538, -0, 
0, 61.8792, 0, 92.9389, 0, 61.0597, -0, 
0, 61.8899, 0, 92.9555, 0, 61.0656, -0, 
0, 61.9007, 0, 92.9722, 0, 61.0715, -0, 
0, 61.9115, 0, 92.9889, 0, 61.0774, -0, 
0, 61.9223, 0, 93.0057, 0, 61.0834, -0, 
0, 61.9332, 0, 93.0225, 0, 61.0893, -0, 
0, 61.9441, 0, 93.0394, 0, 61.0953, -0, 
0, 61.955, 0, 93.0563, 0, 61.1013, -0, 
0, 61.9659, 0, 93.0733, 0, 61.1073, -0, 
0, 61.9769, 0, 93.0903, 0, 61.1134, -0, 
0, 61.9879, 0, 93.1073, 0, 61.1194, -0, 
0, 61.9989, 0, 93.1244, 0, 61.1254, -0, 
0, 62.01, 0, 93.1415, 0, 61.1315, -0, 
0, 62.0211, 0, 93.1587, 0, 61.1376, -0, 
0, 62.0322, 0, 93.1759, 0, 61.1437, -0, 
0, 62.0434, 0, 93.1932, 0, 61.1498, -0, 
0, 62.0546, 0, 93.2105, 0, 61.1559, -0, 
0, 62.0658, 0, 93.2279, 0, 61.1621, -0, 
0, 62.077, 0, 93.2453, 0, 61.1682, -0, 
0, 62.0883, 0, 93.2627, 0, 61.1744, -0, 
0, 62.0996, 0, 93.2802, 0, 61.1806, -0, 
0, 62.111, 0, 93.2978, 0, 61.1868, -0, 
0, 62.1223, 0, 93.3154, 0, 61.193, -0, 
0, 62.1337, 0, 93.333, 0, 61.1992, -0, 
0, 62.1452, 0, 93.3507, 0, 61.2055, -0, 
0, 62.1566, 0, 93.3684, 0, 61.2117, -0, 
0, 62.1681, 0, 93.3861, 0, 61.218, -0, 
0, 62.1796, 0, 93.4039, 0, 61.2243, -0, 
0, 62.1912, 0, 93.4218, 0, 61.2306, -0, 
0, 62.2028, 0, 93.4397, 0, 61.2369, -0, 
0, 62.2144, 0, 93.4576, 0, 61.2433, -0, 
0, 62.226, 0, 93.4756, 0, 61.2496, -0, 
0, 62.2377, 0, 93.4936, 0, 61.256, -0, 
0, 62.2494, 0, 93.5117, 0, 61.2623, -0, 
0, 62.2611, 0, 93.5298, 0, 61.2687, -0, 
0, 62.2729, 0, 93.548, 0, 61.2751, -0, 
0, 62.2847, 0, 93.5662, 0, 61.2815, -0, 
0, 62.2965, 0, 93.5845, 0, 61.288, -0, 
0, 62.3083, 0, 93.6028, 0, 61.2944, -0, 
0, 62.3202, 0, 93.6211, 0, 61.3009, -0, 
0, 62.3321, 0, 93.6395, 0, 61.3074, -0, 
0, 62.3441, 0, 93.6579, 0, 61.3138, -0, 
0, 62.356, 0, 93.6764, 0, 61.3203, -0, 
0, 62.368, 0, 93.6949, 0, 61.3269, -0, 
0, 62.3801, 0, 93.7135, 0, 61.3334, -0, 
0, 62.3921, 0, 93.7321, 0, 61.3399, -0, 
0, 62.4042, 0, 93.7507, 0, 61.3465, -0, 
0, 62.4163, 0, 93.7694, 0, 61.3531, -0, 
0, 62.4285, 0, 93.7882, 0, 61.3597, -0, 
0, 62.4407, 0, 93.8069, 0, 61.3663, -0, 
0, 62.4529, 0, 93.8258, 0, 61.3729, -0, 
0, 62.4651, 0, 93.8446, 0, 61.3795, -0, 
0, 62.4774, 0, 93.8635, 0, 61.3861, -0, 
0, 62.4896, 0, 93.8824, 0, 61.3928, -0, 
0, 62.5019, 0, 93.9013, 0, 61.3994, -0, 
0, 62.5142, 0, 93.9202, 0, 61.406, -0, 
0, 62.5264, 0, 93.9391, 0, 61.4127, -0, 
0, 62.5387, 0, 93.9579, 0, 61.4193, -0, 
0, 62.5509, 0, 93.9768, 0, 61.4259, -0, 
0, 62.5632, 0, 93.9957, 0, 61.4325, -0, 
0, 62.5754, 0, 94.0145, 0, 61.4391, -0, 
0, 62.5877, 0, 94.0334, 0, 61.4457, -0, 
0, 62.5999, 0, 94.0523, 0, 61.4524, -0, 
0, 62.6122, 0, 94.0711, 0, 61.459, -0, 
0, 62.6244, 0, 94.09, 0, 61.4656, -0, 
0, 62.6367, 0, 94.1088, 0, 61.4722, -0, 
0, 62.6489, 0, 94.1277, 0, 61.4788, -0, 
0, 62.6612, 0, 94.1465, 0, 61.4854, -0, 
0, 62.6734, 0, 94.1654, 0, 61.492, -0, 
0, 62.6857, 0, 94.1842, 0, 61.4985, -0, 
0, 62.6979, 0, 94.203, 0, 61.5051, -0, 
0, 62.7101, 0, 94.2219, 0, 61.5117, -0, 
0, 62.7224, 0, 94.2407, 0, 61.5183, -0, 
0, 62.7346, 0, 94.2595, 0, 61.5249, -0, 
0, 62.7469, 0, 94.2783, 0, 61.5315, -0, 
0, 62.7591, 0, 94.2972, 0, 61.538, -0, 
0, 62.7714, 0, 94.316, 0, 61.5446, -0, 
0, 62.7836, 0, 94.3348, 0, 61.5512, -0, 
0, 62.7958, 0, 94.3536, 0, 61.5578, -0, 
0, 62.8081, 0, 94.3724, 0, 61.5643, -0, 
0, 62.8203, 0, 94.3912, 0, 61.5709, -0, 
0, 62.8326, 0, 94.41, 0, 61.5774, -0, 
0, 62.8448, 0, 94.4288, 0, 61.584, -0, 
0, 62.857, 0, 94.4476, 0, 61.5906, -0, 
0, 62.8693, 0, 94.4664, 0, 61.5971, -0, 
0, 62.8815, 0, 94.4852, 0, 61.6037, -0, 
0, 62.8938, 0, 94.504, 0, 61.6102, -0, 
0, 62.906, 0, 94.5228, 0, 61.6168, -0, 
0, 62.9182, 0, 94.5415, 0, 61.6233, -0, 
0, 62.9305, 0, 94.5603, 0, 61.6298, -0, 
0, 62.9427, 0, 94.5791, 0, 61.6364, -0, 
0, 62.9549, 0, 94.5979, 0, 61.6429, -0, 
0, 62.9672, 0, 94.6166, 0, 61.6495, -0, 
0, 62.9794, 0, 94.6354, 0, 61.656, -0, 
0, 62.9916, 0, 94.6541, 0, 61.6625, -0, 
0, 63.0039, 0, 94.6729, 0, 61.669, -0, 
0, 63.0161, 0, 94.6917, 0, 61.6756, -0, 
0, 63.0283, 0, 94.7104, 0, 61.6821, -0, 
0, 63.0406, 0, 94.7291, 0, 61.6886, -0, 
0, 63.0528, 0, 94.7479, 0, 61.6951, -0, 
0, 63.065, 0, 94.7666, 0, 61.7016, -0, 
0, 63.0772, 0, 94.7854, 0, 61.7081, -0, 
0, 63.0895, 0, 94.8041, 0, 61.7146, -0, 
0, 63.1017, 0, 94.8228, 0, 61.7211, -0, 
0, 63.1139, 0, 94.8416, 0, 61.7276, -0, 
0, 63.1262, 0, 94.8603, 0, 61.7341, -0, 
0, 63.1384, 0, 94.879, 0, 61.7406, -0, 
0, 63.1506, 0, 94.8977, 0, 61.7471, -0, 
0, 63.1628, 0, 94.9165, 0, 61.7536, -0, 
0, 63.1751, 0, 94.9352, 0, 61.7601, -0, 
0, 63.1873, 0, 94.9539, 0, 61.7666, -0, 
0, 63.1995, 0, 94.9726, 0, 61.7731, -0, 
0, 63.2117, 0, 94.9913, 0, 61.7796, -0, 
0, 63.2239, 0, 95.01, 0, 61.786, -0, 
0, 63.2362, 0, 95.0287, 0, 61.7925, -0, 
0, 63.2484, 0, 95.0474, 0, 61.799, -0, 
0, 63.2606, 0, 95.0661, 0, 61.8055, -0, 
0, 63.2728, 0, 95.0848, 0, 61.8119, -0, 
0, 63.2851, 0, 95.1035, 0, 61.8184, -0, 
0, 63.2973, 0, 95.1221, 0, 61.8249, -0, 
0, 63.3095, 0, 95.1408, 0, 61.8313, -0, 
0, 63.3217, 0, 95.1595, 0, 61.8378, -0, 
0, 63.3339, 0, 95.1782, 0, 61.8442, -0, 
0, 63.3461, 0, 95.1968, 0, 61.8507, -0, 
0, 63.3584, 0, 95.2155, 0, 61.8571, -0, 
0, 63.3706, 0, 95.2342, 0, 61.8636, -0, 
0, 63.3828, 0, 95.2528, 0, 61.87, -0, 
0, 63.395, 0, 95.2715, 0, 61.8765, -0, 
0, 63.4072, 0, 95.2902, 0, 61.8829, -0, 
0, 63.4194, 0, 95.3088, 0, 61.8894, -0, 
0, 63.4317, 0, 95.3275, 0, 61.8958, -0, 
0, 63.4439, 0, 95.3461, 0, 61.9022, -0, 
0, 63.4561, 0, 95.3647, 0, 61.9087, -0, 
0, 63.4683, 0, 95.3834, 0, 61.9151, -0, 
0, 63.4805, 0, 95.402, 0, 61.9215, -0, 
0, 63.4927, 0, 95.4207, 0, 61.9279, -0, 
0, 63.5049, 0, 95.4393, 0, 61.9344, -0, 
0, 63.5171, 0, 95.4579, 0, 61.9408, -0, 
0, 63.5294, 0, 95.4765, 0, 61.9472, -0, 
0, 63.5416, 0, 95.4952, 0, 61.9536, -0, 
0, 63.5538, 0, 95.5138, 0, 61.96, -0, 
0, 63.566, 0, 95.5324, 0, 61.9664, -0, 
0, 63.5782, 0, 95.551, 0, 61.9728, -0, 
0, 63.5904, 0, 95.5696, 0, 61.9792, -0, 
0, 63.6026, 0, 95.5882, 0, 61.9856, -0, 
0, 63.6148, 0, 95.6068, 0, 61.992, -0, 
0, 63.627, 0, 95.6254, 0, 61.9984, -0, 
0, 63.6392, 0, 95.644, 0, 62.0048, -0, 
0, 63.6514, 0, 95.6626, 0, 62.0112, -0, 
0, 63.6636, 0, 95.6812, 0, 62.0176, -0, 
0, 63.6758, 0, 95.6998, 0, 62.024, -0, 
0, 63.688, 0, 95.7184, 0, 62.0304, -0, 
0, 63.7002, 0, 95.737, 0, 62.0367, -0, 
0, 63.7125, 0, 95.7556, 0, 62.0431, -0, 
0, 63.7247, 0, 95.7741, 0, 62.0495, -0, 
0, 63.7369, 0, 95.7927, 0, 62.0559, -0, 
0, 63.7491, 0, 95.8113, 0, 62.0622, -0, 
0, 63.7613, 0, 95.8299, 0, 62.0686, -0, 
0, 63.7735, 0, 95.8484, 0, 62.075, -0, 
0, 63.7857, 0, 95.867, 0, 62.0813, -0, 
0, 63.7979, 0, 95.8856, 0, 62.0877, -0, 
0, 63.8101, 0, 95.9041, 0, 62.094, -0, 
0, 63.8223, 0, 95.9227, 0, 62.1004, -0, 
0, 63.8345, 0, 95.9412, 0, 62.1067, -0, 
0, 63.8467, 0, 95.9598, 0, 62.1131, -0, 
0, 63.8589, 0, 95.9783, 0, 62.1194, -0, 
0, 63.8711, 0, 95.9968, 0, 62.1258, -0, 
0, 63.8833, 0, 96.0154, 0, 62.1321, -0, 
0, 63.8955, 0, 96.0339, 0, 62.1385, -0, 
0, 63.9076, 0, 96.0525, 0, 62.1448, -0, 
0, 63.9198, 0, 96.071, 0, 62.1511, -0, 
0, 63.932, 0, 96.0895, 0, 62.1575, -0, 
0, 63.9442, 0, 96.108, 0, 62.1638, -0, 
0, 63.9564, 0, 96.1266, 0, 62.1701, -0, 
0, 63.9686, 0, 96.1451, 0, 62.1765, -0, 
0, 63.9808, 0, 96.1636, 0, 62.1828, -0, 
0, 63.993, 0, 96.1821, 0, 62.1891, -0, 
0, 64.0052, 0, 96.2006, 0, 62.1954, -0, 
0, 64.0174, 0, 96.2191, 0, 62.2017, -0, 
0, 64.0296, 0, 96.2376, 0, 62.208, -0, 
0, 64.0418, 0, 96.2561, 0, 62.2143, -0, 
0, 64.054, 0, 96.2746, 0, 62.2206, -0, 
0, 64.0662, 0, 96.2931, 0, 62.227, -0, 
0, 64.0784, 0, 96.3116, 0, 62.2333, -0, 
0, 64.0905, 0, 96.3301, 0, 62.2396, -0, 
0, 64.1027, 0, 96.3486, 0, 62.2458, -0, 
0, 64.1149, 0, 96.3671, 0, 62.2521, -0, 
0, 64.1271, 0, 96.3855, 0, 62.2584, -0, 
0, 64.1393, 0, 96.404, 0, 62.2647, -0, 
0, 64.1515, 0, 96.4225, 0, 62.271, -0, 
0, 64.1637, 0, 96.441, 0, 62.2773, -0, 
0, 64.1759, 0, 96.4594, 0, 62.2836, -0, 
0, 64.188, 0, 96.4779, 0, 62.2898, -0, 
0, 64.2002, 0, 96.4964, 0, 62.2961, -0, 
0, 64.2124, 0, 96.5148, 0, 62.3024, -0, 
0, 64.2246, 0, 96.5333, 0, 62.3087, -0, 
0, 64.2368, 0, 96.5517, 0, 62.3149, -0, 
0, 64.249, 0, 96.5702, 0, 62.3212, -0, 
0, 64.2612, 0, 96.5886, 0, 62.3275, -0, 
0, 64.2733, 0, 96.6071, 0, 62.3337, -0, 
0, 64.2855, 0, 96.6255, 0, 62.34, -0, 
0, 64.2977, 0, 96.6439, 0, 62.3462, -0, 
0, 64.3099, 0, 96.6624, 0, 62.3525, -0, 
0, 64.3221, 0, 96.6808, 0, 62.3587, -0, 
0, 64.3343, 0, 96.6992, 0, 62.365, -0, 
0, 64.3464, 0, 96.7177, 0, 62.3712, -0, 
0, 64.3586, 0, 96.7361, 0, 62.3775, -0, 
0, 64.3708, 0, 96.7545, 0, 62.3837, -0, 
0, 64.383, 0, 96.7729, 0, 62.39, -0, 
0, 64.3952, 0, 96.7914, 0, 62.3962, -0, 
0, 64.4073, 0, 96.8098, 0, 62.4024, -0, 
0, 64.4195, 0, 96.8282, 0, 62.4087, -0, 
0, 64.4317, 0, 96.8466, 0, 62.4149, -0, 
0, 64.4439, 0, 96.865, 0, 62.4211, -0, 
0, 64.4561, 0, 96.8834, 0, 62.4273, -0, 
0, 64.4682, 0, 96.9018, 0, 62.4335, -0, 
0, 64.4804, 0, 96.9202, 0, 62.4398, -0, 
0, 64.4926, 0, 96.9386, 0, 62.446, -0, 
0, 64.5048, 0, 96.957, 0, 62.4522, -0, 
0, 64.5169, 0, 96.9754, 0, 62.4584, -0, 
0, 64.5291, 0, 96.9937, 0, 62.4646, -0, 
0, 64.5413, 0, 97.0121, 0, 62.4708, -0, 
0, 64.5535, 0, 97.0305, 0, 62.477, -0, 
0, 64.5656, 0, 97.0489, 0, 62.4832, -0, 
0, 64.5778, 0, 97.0672, 0, 62.4894, -0, 
0, 64.59, 0, 97.0856, 0, 62.4956, -0, 
0, 64.6022, 0, 97.104, 0, 62.5018, -0, 
0, 64.6143, 0, 97.1223, 0, 62.508, -0, 
0, 64.6265, 0, 97.1407, 0, 62.5142, -0, 
0, 64.6387, 0, 97.1591, 0, 62.5204, -0, 
0, 64.6509, 0, 97.1774, 0, 62.5265, -0, 
0, 64.663, 0, 97.1958, 0, 62.5327, -0, 
0, 64.6752, 0, 97.2141, 0, 62.5389, -0, 
0, 64.6874, 0, 97.2325, 0, 62.5451, -0, 
0, 64.6996, 0, 97.2508, 0, 62.5513, -0, 
0, 64.7117, 0, 97.2691, 0, 62.5574, -0, 
0, 64.7239, 0, 97.2875, 0, 62.5636, -0, 
0, 64.7361, 0, 97.3058, 0, 62.5698, -0, 
0, 64.7482, 0, 97.3241, 0, 62.5759, -0, 
0, 64.7604, 0, 97.3425, 0, 62.5821, -0, 
0, 64.7726, 0, 97.3608, 0, 62.5882, -0, 
0, 64.7847, 0, 97.3791, 0, 62.5944, -0, 
0, 64.7969, 0, 97.3974, 0, 62.6005, -0, 
0, 64.8091, 0, 97.4158, 0, 62.6067, -0, 
0, 64.8212, 0, 97.4341, 0, 62.6128, -0, 
0, 64.8334, 0, 97.4524, 0, 62.619, -0, 
0, 64.8456, 0, 97.4707, 0, 62.6251, -0, 
0, 64.8577, 0, 97.489, 0, 62.6313, -0, 
0, 64.8699, 0, 97.5073, 0, 62.6374, -0, 
0, 64.8821, 0, 97.5256, 0, 62.6435, -0, 
0, 64.8942, 0, 97.5439, 0, 62.6497, -0, 
0, 64.9064, 0, 97.5622, 0, 62.6558, -0, 
0, 64.9186, 0, 97.5805, 0, 62.6619, -0, 
0, 64.9307, 0, 97.5988, 0, 62.668, -0, 
0, 64.9429, 0, 97.6171, 0, 62.6742, -0, 
0, 64.9551, 0, 97.6354, 0, 62.6803, -0, 
0, 64.9672, 0, 97.6536, 0, 62.6864, -0, 
0, 64.9794, 0, 97.6719, 0, 62.6925, -0, 
0, 64.9916, 0, 97.6902, 0, 62.6986, -0, 
0, 65.0037, 0, 97.7085, 0, 62.7047, -0, 
0, 65.0159, 0, 97.7267, 0, 62.7108, -0, 
0, 65.0281, 0, 97.745, 0, 62.7169, -0, 
0, 65.0402, 0, 97.7633, 0, 62.723, -0, 
0, 65.0524, 0, 97.7815, 0, 62.7291, -0, 
0, 65.0645, 0, 97.7998, 0, 62.7352, -0, 
0, 65.0767, 0, 97.818, 0, 62.7413, -0, 
0, 65.0889, 0, 97.8363, 0, 62.7474, -0, 
0, 65.101, 0, 97.8545, 0, 62.7535, -0, 
0, 65.1132, 0, 97.8728, 0, 62.7596, -0, 
0, 65.1253, 0, 97.891, 0, 62.7657, -0, 
0, 65.1375, 0, 97.9093, 0, 62.7718, -0, 
0, 65.1497, 0, 97.9275, 0, 62.7779, -0, 
0, 65.1618, 0, 97.9457, 0, 62.7839, -0, 
0, 65.174, 0, 97.964, 0, 62.79, -0, 
0, 65.1861, 0, 97.9822, 0, 62.7961, -0, 
0, 65.1983, 0, 98.0004, 0, 62.8021, -0, 
0, 65.2105, 0, 98.0187, 0, 62.8082, -0, 
0, 65.2226, 0, 98.0369, 0, 62.8143, -0, 
0, 65.2348, 0, 98.0551, 0, 62.8203, -0, 
0, 65.2469, 0, 98.0733, 0, 62.8264, -0, 
0, 65.2591, 0, 98.0915, 0, 62.8324, -0, 
0, 65.2712, 0, 98.1097, 0, 62.8385, -0, 
0, 65.2834, 0, 98.128, 0, 62.8446, -0, 
0, 65.2956, 0, 98.1462, 0, 62.8506, -0, 
0, 65.3077, 0, 98.1644, 0, 62.8566, -0, 
0, 65.3199, 0, 98.1826, 0, 62.8627, -0, 
0, 65.332, 0, 98.2008, 0, 62.8687, -0, 
0, 65.3442, 0, 98.2189, 0, 62.8748, -0, 
0, 65.3563, 0, 98.2371, 0, 62.8808, -0, 
0, 65.3685, 0, 98.2553, 0, 62.8868, -0, 
0, 65.3806, 0, 98.2735, 0, 62.8929, -0, 
0, 65.3928, 0, 98.2917, 0, 62.8989, -0, 
0, 65.4049, 0, 98.3099, 0, 62.9049, -0, 
0, 65.4171, 0, 98.3281, 0, 62.911, -0, 
0, 65.4293, 0, 98.3462, 0, 62.917, -0, 
0, 65.4414, 0, 98.3644, 0, 62.923, -0, 
0, 65.4536, 0, 98.3826, 0, 62.929, -0, 
0, 65.4657, 0, 98.4007, 0, 62.935, -0, 
0, 65.4779, 0, 98.4189, 0, 62.941, -0, 
0, 65.49, 0, 98.4371, 0, 62.947, -0, 
0, 65.5022, 0, 98.4552, 0, 62.953, -0, 
0, 65.5143, 0, 98.4734, 0, 62.9591, -0, 
0, 65.5265, 0, 98.4915, 0, 62.9651, -0, 
0, 65.5386, 0, 98.5097, 0, 62.971, -0, 
0, 65.5508, 0, 98.5278, 0, 62.977, -0, 
0, 65.5629, 0, 98.546, 0, 62.983, -0, 
0, 65.5751, 0, 98.5641, 0, 62.989, -0, 
0, 65.5872, 0, 98.5822, 0, 62.995, -0, 
0, 65.5994, 0, 98.6004, 0, 63.001, -0, 
0, 65.6115, 0, 98.6185, 0, 63.007, -0, 
0, 65.6237, 0, 98.6366, 0, 63.013, -0, 
0, 65.6358, 0, 98.6548, 0, 63.0189, -0, 
0, 65.648, 0, 98.6729, 0, 63.0249, -0, 
0, 65.6601, 0, 98.691, 0, 63.0309, -0, 
0, 65.6723, 0, 98.7091, 0, 63.0369, -0, 
0, 65.6844, 0, 98.7273, 0, 63.0428, -0, 
0, 65.6966, 0, 98.7454, 0, 63.0488, -0, 
0, 65.7087, 0, 98.7635, 0, 63.0548, -0, 
0, 65.7209, 0, 98.7816, 0, 63.0607, -0, 
0, 65.733, 0, 98.7997, 0, 63.0667, -0, 
0, 65.7452, 0, 98.8178, 0, 63.0726, -0, 
0, 65.7573, 0, 98.8359, 0, 63.0786, -0, 
0, 65.7694, 0, 98.854, 0, 63.0845, -0, 
0, 65.7816, 0, 98.8721, 0, 63.0905, -0, 
0, 65.7937, 0, 98.8902, 0, 63.0964, -0, 
0, 65.8059, 0, 98.9083, 0, 63.1024, -0, 
0, 65.818, 0, 98.9264, 0, 63.1083, -0, 
0, 65.8302, 0, 98.9444, 0, 63.1143, -0, 
0, 65.8423, 0, 98.9625, 0, 63.1202, -0, 
0, 65.8545, 0, 98.9806, 0, 63.1261, -0, 
0, 65.8666, 0, 98.9987, 0, 63.1321, -0, 
0, 65.8788, 0, 99.0167, 0, 63.138, -0, 
0, 65.8909, 0, 99.0348, 0, 63.1439, -0, 
0, 65.903, 0, 99.0529, 0, 63.1498, -0, 
0, 65.9152, 0, 99.0709, 0, 63.1558, -0, 
0, 65.9273, 0, 99.089, 0, 63.1617, -0, 
0, 65.9395, 0, 99.1071, 0, 63.1676, -0, 
0, 65.9516, 0, 99.1251, 0, 63.1735, -0, 
0, 65.9638, 0, 99.1432, 0, 63.1794, -0, 
0, 65.9759, 0, 99.1612, 0, 63.1853, -0, 
0, 65.988, 0, 99.1793, 0, 63.1912, -0, 
0, 66.0002, 0, 99.1973, 0, 63.1971, -0, 
0, 66.0123, 0, 99.2154, 0, 63.203, -0, 
0, 66.0245, 0, 99.2334, 0, 63.2089, -0, 
0, 66.0366, 0, 99.2514, 0, 63.2148, -0, 
0, 66.0488, 0, 99.2695, 0, 63.2207, -0, 
0, 66.0609, 0, 99.2875, 0, 63.2266, -0, 
0, 66.073, 0, 99.3055, 0, 63.2325, -0, 
0, 66.0852, 0, 99.3236, 0, 63.2384, -0, 
0, 66.0973, 0, 99.3416, 0, 63.2443, -0, 
0, 66.1095, 0, 99.3596, 0, 63.2501, -0, 
0, 66.1216, 0, 99.3776, 0, 63.256, -0, 
0, 66.1337, 0, 99.3956, 0, 63.2619, -0, 
0, 66.1459, 0, 99.4137, 0, 63.2678, -0, 
0, 66.158, 0, 99.4317, 0, 63.2736, -0, 
0, 66.1702, 0, 99.4497, 0, 63.2795, -0, 
0, 66.1823, 0, 99.4677, 0, 63.2854, -0, 
0, 66.1944, 0, 99.4857, 0, 63.2912, -0, 
0, 66.2066, 0, 99.5037, 0, 63.2971, -0, 
0, 66.2187, 0, 99.5217, 0, 63.303, -0, 
0, 66.2309, 0, 99.5397, 0, 63.3088, -0, 
0, 66.243, 0, 99.5577, 0, 63.3147, -0, 
0, 66.2551, 0, 99.5757, 0, 63.3205, -0, 
0, 66.2673, 0, 99.5936, 0, 63.3264, -0, 
0, 66.2794, 0, 99.6116, 0, 63.3322, -0, 
0, 66.2915, 0, 99.6296, 0, 63.3381, -0, 
0, 66.3037, 0, 99.6476, 0, 63.3439, -0, 
0, 66.3158, 0, 99.6656, 0, 63.3497, -0, 
0, 66.328, 0, 99.6835, 0, 63.3556, -0, 
0, 66.3401, 0, 99.7015, 0, 63.3614, -0, 
0, 66.3522, 0, 99.7195, 0, 63.3672, -0, 
0, 66.3644, 0, 99.7374, 0, 63.3731, -0, 
0, 66.3765, 0, 99.7554, 0, 63.3789, -0, 
0, 66.3886, 0, 99.7734, 0, 63.3847, -0, 
0, 66.4008, 0, 99.7913, 0, 63.3905, -0, 
0, 66.4129, 0, 99.8093, 0, 63.3963, -0, 
0, 66.4251, 0, 99.8272, 0, 63.4022, -0, 
0, 66.4372, 0, 99.8452, 0, 63.408, -0, 
0, 66.4493, 0, 99.8631, 0, 63.4138, -0, 
0, 66.4615, 0, 99.8811, 0, 63.4196, -0, 
0, 66.4736, 0, 99.899, 0, 63.4254, -0, 
0, 66.4857, 0, 99.9169, 0, 63.4312, -0, 
0, 66.4979, 0, 99.9349, 0, 63.437, -0, 
0, 66.51, 0, 99.9528, 0, 63.4428, -0, 
0, 66.5221, 0, 99.9707, 0, 63.4486, -0, 
0, 66.5343, 0, 99.9887, 0, 63.4544, -0, 
0, 66.5464, 0, 100.007, 0, 63.4602, -0, 
0, 66.5585, 0, 100.025, 0, 63.466, -0, 
0, 66.5707, 0, 100.042, 0, 63.4718, -0, 
0, 66.5828, 0, 100.06, 0, 63.4775, -0, 
0, 66.5949, 0, 100.078, 0, 63.4833, -0, 
0, 66.6071, 0, 100.096, 0, 63.4891, -0, 
0, 66.6192, 0, 100.114, 0, 63.4949, -0, 
0, 66.6313, 0, 100.132, 0, 63.5006, -0, 
0, 66.6435, 0, 100.15, 0, 63.5064, -0, 
0, 66.6556, 0, 100.168, 0, 63.5122, -0, 
0, 66.6677, 0, 100.186, 0, 63.5179, -0, 
0, 66.6799, 0, 100.204, 0, 63.5237, -0, 
0, 66.692, 0, 100.221, 0, 63.5295, -0, 
0, 66.7041, 0, 100.239, 0, 63.5352, -0, 
0, 66.7163, 0, 100.257, 0, 63.541, -0, 
0, 66.7284, 0, 100.275, 0, 63.5467, -0, 
0, 66.7405, 0, 100.293, 0, 63.5525, -0, 
0, 66.7527, 0, 100.311, 0, 63.5582, -0, 
0, 66.7648, 0, 100.329, 0, 63.564, -0, 
0, 66.7769, 0, 100.347, 0, 63.5697, -0, 
0, 66.7891, 0, 100.365, 0, 63.5755, -0, 
0, 66.8012, 0, 100.382, 0, 63.5812, -0, 
0, 66.8133, 0, 100.4, 0, 63.5869, -0, 
0, 66.8255, 0, 100.418, 0, 63.5927, -0, 
0, 66.8376, 0, 100.436, 0, 63.5984, -0, 
0, 66.8497, 0, 100.454, 0, 63.6041, -0, 
0, 66.8619, 0, 100.472, 0, 63.6098, -0, 
0, 66.874, 0, 100.49, 0, 63.6156, -0, 
0, 66.8861, 0, 100.507, 0, 63.6213, -0, 
0, 66.8983, 0, 100.525, 0, 63.627, -0, 
0, 66.9104, 0, 100.543, 0, 63.6327, -0, 
0, 66.9225, 0, 100.561, 0, 63.6384, -0, 
0, 66.9346, 0, 100.579, 0, 63.6441, -0, 
0, 66.9468, 0, 100.597, 0, 63.6499, -0, 
0, 66.9589, 0, 100.614, 0, 63.6556, -0, 
0, 66.971, 0, 100.632, 0, 63.6613, -0, 
0, 66.9832, 0, 100.65, 0, 63.667, -0, 
0, 66.9953, 0, 100.668, 0, 63.6727, -0, 
0, 67.0074, 0, 100.686, 0, 63.6784, -0, 
0, 67.0196, 0, 100.704, 0, 63.684, -0, 
0, 67.0317, 0, 100.721, 0, 63.6897, -0, 
0, 67.0438, 0, 100.739, 0, 63.6954, -0, 
0, 67.056, 0, 100.757, 0, 63.7011, -0, 
0, 67.0681, 0, 100.775, 0, 63.7068, -0, 
0, 67.0802, 0, 100.793, 0, 63.7125, -0, 
0, 67.0923, 0, 100.81, 0, 63.7182, -0, 
0, 67.1045, 0, 100.828, 0, 63.7238, -0, 
0, 67.1166, 0, 100.846, 0, 63.7295, -0, 
0, 67.1287, 0, 100.864, 0, 63.7352, -0, 
0, 67.1409, 0, 100.882, 0, 63.7408, -0, 
0, 67.153, 0, 100.899, 0, 63.7465, -0, 
0, 67.1651, 0, 100.917, 0, 63.7522, -0, 
0, 67.1772, 0, 100.935, 0, 63.7578, -0, 
0, 67.1894, 0, 100.953, 0, 63.7635, -0, 
0, 67.2015, 0, 100.971, 0, 63.7691, -0, 
0, 67.2136, 0, 100.988, 0, 63.7748, -0, 
0, 67.2258, 0, 101.006, 0, 63.7804, -0, 
0, 67.2379, 0, 101.024, 0, 63.7861, -0, 
0, 67.25, 0, 101.042, 0, 63.7917, -0, 
0, 67.2621, 0, 101.06, 0, 63.7974, -0, 
0, 67.2743, 0, 101.077, 0, 63.803, -0, 
0, 67.2864, 0, 101.095, 0, 63.8087, -0, 
0, 67.2985, 0, 101.113, 0, 63.8143, -0, 
0, 67.3107, 0, 101.131, 0, 63.8199, -0, 
0, 67.3228, 0, 101.148, 0, 63.8255, -0, 
0, 67.3349, 0, 101.166, 0, 63.8312, -0, 
0, 67.347, 0, 101.184, 0, 63.8368, -0, 
0, 67.3592, 0, 101.202, 0, 63.8424, -0, 
0, 67.3713, 0, 101.219, 0, 63.848, -0, 
0, 67.3834, 0, 101.237, 0, 63.8537, -0, 
0, 67.3956, 0, 101.255, 0, 63.8593, -0, 
0, 67.4077, 0, 101.273, 0, 63.8649, -0, 
0, 67.4198, 0, 101.29, 0, 63.8705, -0, 
0, 67.4319, 0, 101.308, 0, 63.8761, -0, 
0, 67.4441, 0, 101.326, 0, 63.8817, -0, 
0, 67.4562, 0, 101.344, 0, 63.8873, -0, 
0, 67.4683, 0, 101.361, 0, 63.8929, -0, 
0, 67.4805, 0, 101.379, 0, 63.8985, -0, 
0, 67.4926, 0, 101.397, 0, 63.9041, -0, 
0, 67.5047, 0, 101.414, 0, 63.9097, -0, 
0, 67.5168, 0, 101.432, 0, 63.9153, -0, 
0, 67.529, 0, 101.45, 0, 63.9209, -0, 
0, 67.5411, 0, 101.468, 0, 63.9265, -0, 
0, 67.5532, 0, 101.485, 0, 63.932, -0, 
0, 67.5653, 0, 101.503, 0, 63.9376, -0, 
0, 67.5775, 0, 101.521, 0, 63.9432, -0, 
0, 67.5896, 0, 101.538, 0, 63.9488, -0, 
0, 67.6017, 0, 101.556, 0, 63.9543, -0, 
0, 67.6139, 0, 101.574, 0, 63.9599, -0, 
0, 67.626, 0, 101.591, 0, 63.9655, -0, 
0, 67.6381, 0, 101.609, 0, 63.971, -0, 
0, 67.6502, 0, 101.627, 0, 63.9766, -0, 
0, 67.6624, 0, 101.645, 0, 63.9822, -0, 
0, 67.6745, 0, 101.662, 0, 63.9877, -0, 
0, 67.6866, 0, 101.68, 0, 63.9933, -0, 
0, 67.6987, 0, 101.698, 0, 63.9988, -0, 
0, 67.7109, 0, 101.715, 0, 64.0044, -0, 
0, 67.723, 0, 101.733, 0, 64.0099, -0, 
0, 67.7351, 0, 101.751, 0, 64.0155, -0, 
0, 67.7473, 0, 101.768, 0, 64.021, -0, 
0, 67.7594, 0, 101.786, 0, 64.0266, -0, 
0, 67.7715, 0, 101.804, 0, 64.0321, -0, 
0, 67.7836, 0, 101.821, 0, 64.0376, -0, 
0, 67.7958, 0, 101.839, 0, 64.0432, -0, 
0, 67.8079, 0, 101.857, 0, 64.0487, -0, 
0, 67.82, 0, 101.874, 0, 64.0542, -0, 
0, 67.8321, 0, 101.892, 0, 64.0597, -0, 
0, 67.8443, 0, 101.91, 0, 64.0653, -0, 
0, 67.8564, 0, 101.927, 0, 64.0708, -0, 
0, 67.8685, 0, 101.945, 0, 64.0763, -0, 
0, 67.8807, 0, 101.962, 0, 64.0818, -0, 
0, 67.8928, 0, 101.98, 0, 64.0873, -0, 
0, 67.9049, 0, 101.998, 0, 64.0928, -0, 
0, 67.917, 0, 102.015, 0, 64.0983, -0, 
0, 67.9292, 0, 102.033, 0, 64.1038, -0, 
0, 67.9413, 0, 102.051, 0, 64.1093, -0, 
0, 67.9534, 0, 102.068, 0, 64.1148, -0, 
0, 67.9655, 0, 102.086, 0, 64.1203, -0, 
0, 67.9777, 0, 102.104, 0, 64.1258, -0, 
0, 67.9898, 0, 102.121, 0, 64.1313, -0, 
0, 68.0019, 0, 102.139, 0, 64.1368, -0, 
0, 68.014, 0, 102.156, 0, 64.1423, -0, 
0, 68.0262, 0, 102.174, 0, 64.1478, -0, 
0, 68.0383, 0, 102.192, 0, 64.1533, -0, 
0, 68.0504, 0, 102.209, 0, 64.1588, -0, 
0, 68.0626, 0, 102.227, 0, 64.1642, -0, 
0, 68.0747, 0, 102.244, 0, 64.1697, -0, 
0, 68.0868, 0, 102.262, 0, 64.1752, -0, 
0, 68.0989, 0, 102.28, 0, 64.1806, -0, 
0, 68.1111, 0, 102.297, 0, 64.1861, -0, 
0, 68.1232, 0, 102.315, 0, 64.1916, -0, 
0, 68.1353, 0, 102.332, 0, 64.197, -0, 
0, 68.1474, 0, 102.35, 0, 64.2025, -0, 
0, 68.1596, 0, 102.368, 0, 64.208, -0, 
0, 68.1717, 0, 102.385, 0, 64.2134, -0, 
0, 68.1838, 0, 102.403, 0, 64.2189, -0, 
0, 68.196, 0, 102.42, 0, 64.2243, -0, 
0, 68.2081, 0, 102.438, 0, 64.2298, -0, 
0, 68.2202, 0, 102.455, 0, 64.2352, -0, 
0, 68.2323, 0, 102.473, 0, 64.2406, -0, 
0, 68.2445, 0, 102.491, 0, 64.2461, -0, 
0, 68.2566, 0, 102.508, 0, 64.2515, -0, 
0, 68.2687, 0, 102.526, 0, 64.2569, -0, 
0, 68.2808, 0, 102.543, 0, 64.2624, -0, 
0, 68.293, 0, 102.561, 0, 64.2678, -0, 
0, 68.3051, 0, 102.578, 0, 64.2732, -0, 
0, 68.3172, 0, 102.596, 0, 64.2787, -0, 
0, 68.3294, 0, 102.613, 0, 64.2841, -0, 
0, 68.3415, 0, 102.631, 0, 64.2895, -0, 
0, 68.3536, 0, 102.649, 0, 64.2949, -0, 
0, 68.3657, 0, 102.666, 0, 64.3003, -0, 
0, 68.3779, 0, 102.684, 0, 64.3057, -0, 
0, 68.39, 0, 102.701, 0, 64.3112, -0, 
0, 68.4021, 0, 102.719, 0, 64.3166, -0, 
0, 68.4143, 0, 102.736, 0, 64.322, -0, 
0, 68.4264, 0, 102.754, 0, 64.3274, -0, 
0, 68.4385, 0, 102.771, 0, 64.3328, -0, 
0, 68.4506, 0, 102.789, 0, 64.3382, -0, 
0, 68.4628, 0, 102.806, 0, 64.3436, -0, 
0, 68.4749, 0, 102.824, 0, 64.3489, -0, 
0, 68.487, 0, 102.841, 0, 64.3543, -0, 
0, 68.4992, 0, 102.859, 0, 64.3597, -0, 
0, 68.5113, 0, 102.876, 0, 64.3651, -0, 
0, 68.5234, 0, 102.894, 0, 64.3705, -0, 
0, 68.5355, 0, 102.911, 0, 64.3759, -0, 
0, 68.5477, 0, 102.929, 0, 64.3812, -0, 
0, 68.5598, 0, 102.946, 0, 64.3866, -0, 
0, 68.5719, 0, 102.964, 0, 64.392, -0, 
0, 68.5841, 0, 102.981, 0, 64.3974, -0, 
0, 68.5962, 0, 102.999, 0, 64.4027, -0, 
0, 68.6083, 0, 103.016, 0, 64.4081, -0, 
0, 68.6204, 0, 103.034, 0, 64.4134, -0, 
0, 68.6326, 0, 103.051, 0, 64.4188, -0, 
0, 68.6447, 0, 103.069, 0, 64.4242, -0, 
0, 68.6568, 0, 103.086, 0, 64.4295, -0, 
0, 68.669, 0, 103.104, 0, 64.4349, -0, 
0, 68.6811, 0, 103.121, 0, 64.4402, -0, 
0, 68.6932, 0, 103.139, 0, 64.4456, -0, 
0, 68.7054, 0, 103.156, 0, 64.4509, -0, 
0, 68.7175, 0, 103.174, 0, 64.4562, -0, 
0, 68.7296, 0, 103.191, 0, 64.4616, -0, 
0, 68.7417, 0, 103.209, 0, 64.4669, -0, 
0, 68.7539, 0, 103.226, 0, 64.4722, -0, 
0, 68.766, 0, 103.244, 0, 64.4776, -0, 
0, 68.7781, 0, 103.261, 0, 64.4829, -0, 
0, 68.7903, 0, 103.279, 0, 64.4882, -0, 
0, 68.8024, 0, 103.296, 0, 64.4936, -0, 
0, 68.8145, 0, 103.313, 0, 64.4989, -0, 
0, 68.8267, 0, 103.331, 0, 64.5042, -0, 
0, 68.8388, 0, 103.348, 0, 64.5095, -0, 
0, 68.8509, 0, 103.366, 0, 64.5148, -0, 
0, 68.8631, 0, 103.383, 0, 64.5201, -0, 
0, 68.8752, 0, 103.401, 0, 64.5254, -0, 
0, 68.8873, 0, 103.418, 0, 64.5307, -0, 
0, 68.8994, 0, 103.436, 0, 64.5361, -0, 
0, 68.9116, 0, 103.453, 0, 64.5414, -0, 
0, 68.9237, 0, 103.47, 0, 64.5466, -0, 
0, 68.9358, 0, 103.488, 0, 64.5519, -0, 
0, 68.948, 0, 103.505, 0, 64.5572, -0, 
0, 68.9601, 0, 103.523, 0, 64.5625, -0, 
0, 68.9722, 0, 103.54, 0, 64.5678, -0, 
0, 68.9844, 0, 103.557, 0, 64.5731, -0, 
0, 68.9965, 0, 103.575, 0, 64.5784, -0, 
0, 69.0086, 0, 103.592, 0, 64.5837, -0, 
0, 69.0208, 0, 103.61, 0, 64.5889, -0, 
0, 69.0329, 0, 103.627, 0, 64.5942, -0, 
0, 69.045, 0, 103.645, 0, 64.5995, -0, 
0, 69.0572, 0, 103.662, 0, 64.6048, -0, 
0, 69.0693, 0, 103.679, 0, 64.61, -0, 
0, 69.0814, 0, 103.697, 0, 64.6153, -0, 
0, 69.0936, 0, 103.714, 0, 64.6206, -0, 
0, 69.1057, 0, 103.732, 0, 64.6258, -0, 
0, 69.1178, 0, 103.749, 0, 64.6311, -0, 
0, 69.13, 0, 103.766, 0, 64.6363, -0, 
0, 69.1421, 0, 103.784, 0, 64.6416, -0, 
0, 69.1542, 0, 103.801, 0, 64.6468, -0, 
0, 69.1664, 0, 103.818, 0, 64.6521, -0, 
0, 69.1785, 0, 103.836, 0, 64.6573, -0, 
0, 69.1906, 0, 103.853, 0, 64.6626, -0, 
0, 69.2028, 0, 103.871, 0, 64.6678, -0, 
0, 69.2149, 0, 103.888, 0, 64.673, -0, 
0, 69.227, 0, 103.905, 0, 64.6783, -0, 
0, 69.2392, 0, 103.923, 0, 64.6835, -0, 
0, 69.2513, 0, 103.94, 0, 64.6887, -0, 
0, 69.2635, 0, 103.957, 0, 64.694, -0, 
0, 69.2756, 0, 103.975, 0, 64.6992, -0, 
0, 69.2877, 0, 103.992, 0, 64.7044, -0, 
0, 69.2999, 0, 104.009, 0, 64.7096, -0, 
0, 69.312, 0, 104.027, 0, 64.7149, -0, 
0, 69.3241, 0, 104.044, 0, 64.7201, -0, 
0, 69.3363, 0, 104.062, 0, 64.7253, -0, 
0, 69.3484, 0, 104.079, 0, 64.7305, -0, 
0, 69.3605, 0, 104.096, 0, 64.7357, -0, 
0, 69.3727, 0, 104.114, 0, 64.7409, -0, 
0, 69.3848, 0, 104.131, 0, 64.7461, -0, 
0, 69.397, 0, 104.148, 0, 64.7513, -0, 
0, 69.4091, 0, 104.166, 0, 64.7565, -0, 
0, 69.4212, 0, 104.183, 0, 64.7617, -0, 
0, 69.4334, 0, 104.2, 0, 64.7669, -0, 
0, 69.4455, 0, 104.218, 0, 64.7721, -0, 
0, 69.4576, 0, 104.235, 0, 64.7773, -0, 
0, 69.4698, 0, 104.252, 0, 64.7824, -0, 
0, 69.4819, 0, 104.27, 0, 64.7876, -0, 
0, 69.4941, 0, 104.287, 0, 64.7928, -0, 
0, 69.5062, 0, 104.304, 0, 64.798, -0, 
0, 69.5183, 0, 104.321, 0, 64.8032, -0, 
0, 69.5305, 0, 104.339, 0, 64.8083, -0, 
0, 69.5426, 0, 104.356, 0, 64.8135, -0, 
0, 69.5548, 0, 104.373, 0, 64.8187, -0, 
0, 69.5669, 0, 104.391, 0, 64.8238, -0, 
0, 69.579, 0, 104.408, 0, 64.829, -0, 
0, 69.5912, 0, 104.425, 0, 64.8341, -0, 
0, 69.6033, 0, 104.443, 0, 64.8393, -0, 
0, 69.6155, 0, 104.46, 0, 64.8445, -0, 
0, 69.6276, 0, 104.477, 0, 64.8496, -0, 
0, 69.6397, 0, 104.494, 0, 64.8548, -0, 
0, 69.6519, 0, 104.512, 0, 64.8599, -0, 
0, 69.664, 0, 104.529, 0, 64.865, -0, 
0, 69.6762, 0, 104.546, 0, 64.8702, -0, 
0, 69.6883, 0, 104.564, 0, 64.8753, -0, 
0, 69.7004, 0, 104.581, 0, 64.8805, -0, 
0, 69.7126, 0, 104.598, 0, 64.8856, -0, 
0, 69.7247, 0, 104.615, 0, 64.8907, -0, 
0, 69.7369, 0, 104.633, 0, 64.8959, -0, 
0, 69.749, 0, 104.65, 0, 64.901, -0, 
0, 69.7611, 0, 104.667, 0, 64.9061, -0, 
0, 69.7733, 0, 104.684, 0, 64.9112, -0, 
0, 69.7854, 0, 104.702, 0, 64.9163, -0, 
0, 69.7974, 0, 104.719, 0, 64.9214, -0, 
0, 69.8095, 0, 104.736, 0, 64.9265, -0, 
0, 69.8215, 0, 104.753, 0, 64.9315, -0, 
0, 69.8335, 0, 104.77, 0, 64.9366, -0, 
0, 69.8454, 0, 104.787, 0, 64.9416, -0, 
0, 69.8573, 0, 104.804, 0, 64.9466, -0, 
0, 69.8692, 0, 104.821, 0, 64.9516, -0, 
0, 69.8811, 0, 104.838, 0, 64.9566, -0, 
0, 69.8929, 0, 104.854, 0, 64.9615, -0, 
0, 69.9047, 0, 104.871, 0, 64.9665, -0, 
0, 69.9165, 0, 104.888, 0, 64.9714, -0, 
0, 69.9282, 0, 104.905, 0, 64.9763, -0, 
0, 69.9399, 0, 104.921, 0, 64.9812, -0, 
0, 69.9516, 0, 104.938, 0, 64.9861, -0, 
0, 69.9632, 0, 104.954, 0, 64.991, -0, 
0, 69.9748, 0, 104.971, 0, 64.9958, -0, 
0, 69.9864, 0, 104.987, 0, 65.0007, -0, 
0, 69.998, 0, 105.003, 0, 65.0055, -0, 
0, 70.0095, 0, 105.02, 0, 65.0103, -0, 
0, 70.021, 0, 105.036, 0, 65.0151, -0, 
0, 70.0325, 0, 105.052, 0, 65.0199, -0, 
0, 70.0439, 0, 105.069, 0, 65.0247, -0, 
0, 70.0553, 0, 105.085, 0, 65.0294, -0, 
0, 70.0667, 0, 105.101, 0, 65.0341, -0, 
0, 70.078, 0, 105.117, 0, 65.0389, -0, 
0, 70.0893, 0, 105.133, 0, 65.0436, -0, 
0, 70.1006, 0, 105.149, 0, 65.0483, -0, 
0, 70.1119, 0, 105.165, 0, 65.0529, -0, 
0, 70.1231, 0, 105.181, 0, 65.0576, -0, 
0, 70.1343, 0, 105.197, 0, 65.0623, -0, 
0, 70.1454, 0, 105.212, 0, 65.0669, -0, 
0, 70.1566, 0, 105.228, 0, 65.0715, -0, 
0, 70.1677, 0, 105.244, 0, 65.0761, -0, 
0, 70.1787, 0, 105.259, 0, 65.0807, -0, 
0, 70.1898, 0, 105.275, 0, 65.0853, -0, 
0, 70.2008, 0, 105.291, 0, 65.0898, -0, 
0, 70.2118, 0, 105.306, 0, 65.0944, -0, 
0, 70.2227, 0, 105.322, 0, 65.0989, -0, 
0, 70.2336, 0, 105.337, 0, 65.1034, -0, 
0, 70.2445, 0, 105.352, 0, 65.1079, -0, 
0, 70.2554, 0, 105.368, 0, 65.1124, -0, 
0, 70.2662, 0, 105.383, 0, 65.1169, -0, 
0, 70.277, 0, 105.398, 0, 65.1213, -0, 
0, 70.2878, 0, 105.414, 0, 65.1258, -0, 
0, 70.2985, 0, 105.429, 0, 65.1302, -0, 
0, 70.3092, 0, 105.444, 0, 65.1346, -0, 
0, 70.3199, 0, 105.459, 0, 65.139, -0, 
0, 70.3306, 0, 105.474, 0, 65.1434, -0, 
0, 70.3412, 0, 105.489, 0, 65.1478, -0, 
0, 70.3518, 0, 105.504, 0, 65.1521, -0, 
0, 70.3623, 0, 105.519, 0, 65.1565, -0, 
0, 70.3729, 0, 105.534, 0, 65.1608, -0, 
0, 70.3834, 0, 105.548, 0, 65.1651, -0, 
0, 70.3938, 0, 105.563, 0, 65.1694, -0, 
0, 70.4043, 0, 105.578, 0, 65.1737, -0, 
0, 70.4147, 0, 105.593, 0, 65.178, -0, 
0, 70.4251, 0, 105.607, 0, 65.1822, -0, 
0, 70.4354, 0, 105.622, 0, 65.1865, -0, 
0, 70.4457, 0, 105.636, 0, 65.1907, -0, 
0, 70.456, 0, 105.651, 0, 65.1949, -0, 
0, 70.4663, 0, 105.665, 0, 65.1991, -0, 
0, 70.4765, 0, 105.68, 0, 65.2033, -0, 
0, 70.4867, 0, 105.694, 0, 65.2074, -0, 
0, 70.4969, 0, 105.708, 0, 65.2116, -0, 
0, 70.507, 0, 105.723, 0, 65.2157, -0, 
0, 70.5171, 0, 105.737, 0, 65.2199, -0, 
0, 70.5272, 0, 105.751, 0, 65.224, -0, 
0, 70.5372, 0, 105.765, 0, 65.2281, -0, 
0, 70.5472, 0, 105.779, 0, 65.2322, -0, 
0, 70.5572, 0, 105.793, 0, 65.2362, -0, 
0, 70.5672, 0, 105.807, 0, 65.2403, -0, 
0, 70.5771, 0, 105.821, 0, 65.2443, -0, 
0, 70.587, 0, 105.835, 0, 65.2484, -0, 
0, 70.5969, 0, 105.849, 0, 65.2524, -0, 
0, 70.6067, 0, 105.863, 0, 65.2564, -0, 
0, 70.6165, 0, 105.877, 0, 65.2604, -0, 
0, 70.6263, 0, 105.891, 0, 65.2643, -0, 
0, 70.636, 0, 105.904, 0, 65.2683, -0, 
0, 70.6457, 0, 105.918, 0, 65.2722, -0, 
0, 70.6554, 0, 105.932, 0, 65.2762, -0, 
0, 70.6651, 0, 105.945, 0, 65.2801, -0, 
0, 70.6747, 0, 105.959, 0, 65.284, -0, 
0, 70.6843, 0, 105.972, 0, 65.2879, -0, 
0, 70.6938, 0, 105.986, 0, 65.2917, -0, 
0, 70.7034, 0, 105.999, 0, 65.2956, -0, 
0, 70.7129, 0, 106.012, 0, 65.2995, -0, 
0, 70.7223, 0, 106.026, 0, 65.3033, -0, 
0, 70.7318, 0, 106.039, 0, 65.3071, -0, 
0, 70.7412, 0, 106.052, 0, 65.3109, -0, 
0, 70.7506, 0, 106.065, 0, 65.3147, -0, 
0, 70.7599, 0, 106.078, 0, 65.3185, -0, 
0, 70.7693, 0, 106.091, 0, 65.3222, -0, 
0, 70.7785, 0, 106.105, 0, 65.326, -0, 
0, 70.7878, 0, 106.118, 0, 65.3297, -0, 
0, 70.797, 0, 106.13, 0, 65.3334, -0, 
0, 70.8062, 0, 106.143, 0, 65.3372, -0, 
0, 70.8154, 0, 106.156, 0, 65.3408, -0, 
0, 70.8245, 0, 106.169, 0, 65.3445, -0, 
0, 70.8336, 0, 106.182, 0, 65.3482, -0, 
0, 70.8427, 0, 106.195, 0, 65.3518, -0, 
0, 70.8518, 0, 106.207, 0, 65.3555, -0, 
0, 70.8608, 0, 106.22, 0, 65.3591, -0, 
0, 70.8698, 0, 106.233, 0, 65.3627, -0, 
0, 70.8787, 0, 106.245, 0, 65.3663, -0, 
0, 70.8877, 0, 106.258, 0, 65.3699, -0, 
0, 70.8966, 0, 106.27, 0, 65.3735, -0, 
0, 70.9054, 0, 106.282, 0, 65.377, -0, 
0, 70.9143, 0, 106.295, 0, 65.3806, -0, 
0, 70.9231, 0, 106.307, 0, 65.3841, -0, 
0, 70.9318, 0, 106.319, 0, 65.3876, -0, 
0, 70.9406, 0, 106.332, 0, 65.3911, -0, 
0, 70.9493, 0, 106.344, 0, 65.3946, -0, 
0, 70.958, 0, 106.356, 0, 65.3981, -0, 
0, 70.9666, 0, 106.368, 0, 65.4016, -0, 
0, 70.9753, 0, 106.38, 0, 65.405, -0, 
0, 70.9839, 0, 106.392, 0, 65.4085, -0, 
0, 70.9924, 0, 106.404, 0, 65.4119, -0, 
0, 71.001, 0, 106.416, 0, 65.4153, -0, 
0, 71.0095, 0, 106.428, 0, 65.4187, -0, 
0, 71.0179, 0, 106.44, 0, 65.4221, -0, 
0, 71.0264, 0, 106.452, 0, 65.4254, -0, 
0, 71.0348, 0, 106.464, 0, 65.4288, -0, 
0, 71.0432, 0, 106.475, 0, 65.4321, -0, 
0, 71.0515, 0, 106.487, 0, 65.4355, -0, 
0, 71.0599, 0, 106.499, 0, 65.4388, -0, 
0, 71.0681, 0, 106.51, 0, 65.4421, -0, 
0, 71.0764, 0, 106.522, 0, 65.4454, -0, 
0, 71.0846, 0, 106.533, 0, 65.4486, -0, 
0, 71.0928, 0, 106.545, 0, 65.4519, -0, 
0, 71.101, 0, 106.556, 0, 65.4552, -0, 
0, 71.1092, 0, 106.568, 0, 65.4584, -0, 
0, 71.1173, 0, 106.579, 0, 65.4616, -0, 
0, 71.1253, 0, 106.59, 0, 65.4648, -0, 
0, 71.1334, 0, 106.601, 0, 65.468, -0, 
0, 71.1414, 0, 106.613, 0, 65.4712, -0, 
0, 71.1494, 0, 106.624, 0, 65.4744, -0, 
0, 71.1574, 0, 106.635, 0, 65.4775, -0, 
0, 71.1653, 0, 106.646, 0, 65.4807, -0, 
0, 71.1732, 0, 106.657, 0, 65.4838, -0, 
0, 71.1811, 0, 106.668, 0, 65.4869, -0, 
0, 71.1889, 0, 106.679, 0, 65.49, -0, 
0, 71.1967, 0, 106.69, 0, 65.4931, -0, 
0, 71.2045, 0, 106.701, 0, 65.4962, -0, 
0, 71.2122, 0, 106.711, 0, 65.4993, -0, 
0, 71.2199, 0, 106.722, 0, 65.5023, -0, 
0, 71.2276, 0, 106.733, 0, 65.5054, -0, 
0, 71.2353, 0, 106.744, 0, 65.5084, -0, 
0, 71.2429, 0, 106.754, 0, 65.5114, -0, 
0, 71.2505, 0, 106.765, 0, 65.5144, -0, 
0, 71.2581, 0, 106.775, 0, 65.5174, -0, 
0, 71.2656, 0, 106.786, 0, 65.5204, -0, 
0, 71.2731, 0, 106.796, 0, 65.5233, -0, 
0, 71.2806, 0, 106.807, 0, 65.5263, -0, 
0, 71.288, 0, 106.817, 0, 65.5292, -0, 
0, 71.2954, 0, 106.828, 0, 65.5321, -0, 
0, 71.3028, 0, 106.838, 0, 65.535, -0, 
0, 71.3102, 0, 106.848, 0, 65.5379, -0, 
0, 71.3175, 0, 106.858, 0, 65.5408, -0, 
0, 71.3248, 0, 106.868, 0, 65.5437, -0, 
0, 71.332, 0, 106.879, 0, 65.5465, -0, 
0, 71.3393, 0, 106.889, 0, 65.5494, -0, 
0, 71.3465, 0, 106.899, 0, 65.5522, -0, 
0, 71.3537, 0, 106.909, 0, 65.555, -0, 
0, 71.3608, 0, 106.919, 0, 65.5578, -0, 
0, 71.3679, 0, 106.929, 0, 65.5606, -0, 
0, 71.375, 0, 106.938, 0, 65.5634, -0, 
0, 71.382, 0, 106.948, 0, 65.5662, -0, 
0, 71.3891, 0, 106.958, 0, 65.5689, -0, 
0, 71.396, 0, 106.968, 0, 65.5717, -0, 
0, 71.403, 0, 106.977, 0, 65.5744, -0, 
0, 71.4099, 0, 106.987, 0, 65.5771, -0, 
0, 71.4168, 0, 106.997, 0, 65.5798, -0, 
0, 71.4237, 0, 107.006, 0, 65.5825, -0, 
0, 71.4305, 0, 107.016, 0, 65.5852, -0, 
0, 71.4373, 0, 107.025, 0, 65.5879, -0, 
0, 71.4441, 0, 107.035, 0, 65.5905, -0, 
0, 71.4509, 0, 107.044, 0, 65.5932, -0, 
0, 71.4576, 0, 107.053, 0, 65.5958, -0, 
0, 71.4643, 0, 107.063, 0, 65.5984, -0, 
0, 71.4709, 0, 107.072, 0, 65.601, -0, 
0, 71.4775, 0, 107.081, 0, 65.6036, -0, 
0, 71.4841, 0, 107.09, 0, 65.6062, -0, 
0, 71.4907, 0, 107.099, 0, 65.6087, -0, 
0, 71.4972, 0, 107.109, 0, 65.6113, -0, 
0, 71.5037, 0, 107.118, 0, 65.6138, -0, 
0, 71.5102, 0, 107.127, 0, 65.6163, -0, 
0, 71.5167, 0, 107.136, 0, 65.6188, -0, 
0, 71.5231, 0, 107.144, 0, 65.6213, -0, 
0, 71.5294, 0, 107.153, 0, 65.6238, -0, 
0, 71.5358, 0, 107.162, 0, 65.6263, -0, 
0, 71.5421, 0, 107.171, 0, 65.6288, -0, 
0, 71.5484, 0, 107.18, 0, 65.6312, -0, 
0, 71.5547, 0, 107.188, 0, 65.6337, -0, 
0, 71.5609, 0, 107.197, 0, 65.6361, -0, 
0, 71.5671, 0, 107.206, 0, 65.6385, -0, 
0, 71.5733, 0, 107.214, 0, 65.6409, -0, 
0, 71.5794, 0, 107.223, 0, 65.6433, -0, 
0, 71.5855, 0, 107.231, 0, 65.6457, -0, 
0, 71.5916, 0, 107.24, 0, 65.648, -0, 
0, 71.5976, 0, 107.248, 0, 65.6504, -0, 
0, 71.6037, 0, 107.256, 0, 65.6527, -0, 
0, 71.6097, 0, 107.265, 0, 65.655, -0, 
0, 71.6156, 0, 107.273, 0, 65.6574, -0, 
0, 71.6215, 0, 107.281, 0, 65.6597, -0, 
0, 71.6274, 0, 107.289, 0, 65.6619, -0, 
0, 71.6333, 0, 107.298, 0, 65.6642, -0, 
0, 71.6391, 0, 107.306, 0, 65.6665, -0, 
0, 71.6449, 0, 107.314, 0, 65.6687, -0, 
0, 71.6507, 0, 107.322, 0, 65.671, -0, 
0, 71.6565, 0, 107.33, 0, 65.6732, -0, 
0, 71.6622, 0, 107.338, 0, 65.6754, -0, 
0, 71.6679, 0, 107.345, 0, 65.6776, -0, 
0, 71.6735, 0, 107.353, 0, 65.6798, -0, 
0, 71.6791, 0, 107.361, 0, 65.682, -0, 
0, 71.6847, 0, 107.369, 0, 65.6841, -0, 
0, 71.6903, 0, 107.377, 0, 65.6863, -0, 
0, 71.6958, 0, 107.384, 0, 65.6884, -0, 
0, 71.7013, 0, 107.392, 0, 65.6906, -0, 
0, 71.7068, 0, 107.399, 0, 65.6927, -0, 
0, 71.7122, 0, 107.407, 0, 65.6948, -0, 
0, 71.7176, 0, 107.414, 0, 65.6969, -0, 
0, 71.723, 0, 107.422, 0, 65.6989, -0, 
0, 71.7284, 0, 107.429, 0, 65.701, -0, 
0, 71.7337, 0, 107.437, 0, 65.7031, -0, 
0, 71.739, 0, 107.444, 0, 65.7051, -0, 
0, 71.7442, 0, 107.451, 0, 65.7071, -0, 
0, 71.7495, 0, 107.459, 0, 65.7091, -0, 
0, 71.7547, 0, 107.466, 0, 65.7111, -0, 
0, 71.7598, 0, 107.473, 0, 65.7131, -0, 
0, 71.765, 0, 107.48, 0, 65.7151, -0, 
0, 71.7701, 0, 107.487, 0, 65.7171, -0, 
0, 71.7751, 0, 107.494, 0, 65.719, -0, 
0, 71.7802, 0, 107.501, 0, 65.721, -0, 
0, 71.7852, 0, 107.508, 0, 65.7229, -0, 
0, 71.7902, 0, 107.515, 0, 65.7248, -0, 
0, 71.7951, 0, 107.522, 0, 65.7267, -0, 
0, 71.8001, 0, 107.529, 0, 65.7286, -0, 
0, 71.805, 0, 107.535, 0, 65.7305, -0, 
0, 71.8098, 0, 107.542, 0, 65.7324, -0, 
0, 71.8146, 0, 107.549, 0, 65.7342, -0, 
0, 71.8194, 0, 107.556, 0, 65.7361, -0, 
0, 71.8242, 0, 107.562, 0, 65.7379, -0, 
0, 71.829, 0, 107.569, 0, 65.7397, -0, 
0, 71.8337, 0, 107.575, 0, 65.7416, -0, 
0, 71.8384, 0, 107.582, 0, 65.7434, -0, 
0, 71.843, 0, 107.588, 0, 65.7451, -0, 
0, 71.8476, 0, 107.595, 0, 65.7469, -0, 
0, 71.8522, 0, 107.601, 0, 65.7487, -0, 
0, 71.8568, 0, 107.607, 0, 65.7504, -0, 
0, 71.8613, 0, 107.613, 0, 65.7522, -0, 
0, 71.8658, 0, 107.62, 0, 65.7539, -0, 
0, 71.8703, 0, 107.626, 0, 65.7556, -0, 
0, 71.8747, 0, 107.632, 0, 65.7573, -0, 
0, 71.8791, 0, 107.638, 0, 65.759, -0, 
0, 71.8835, 0, 107.644, 0, 65.7607, -0, 
0, 71.8878, 0, 107.65, 0, 65.7623, -0, 
0, 71.8921, 0, 107.656, 0, 65.764, -0, 
0, 71.8964, 0, 107.662, 0, 65.7656, -0, 
0, 71.9007, 0, 107.668, 0, 65.7673, -0, 
0, 71.9049, 0, 107.674, 0, 65.7689, -0, 
0, 71.9091, 0, 107.68, 0, 65.7705, -0, 
0, 71.9133, 0, 107.685, 0, 65.7721, -0, 
0, 71.9174, 0, 107.691, 0, 65.7736, -0, 
0, 71.9215, 0, 107.697, 0, 65.7752, -0, 
0, 71.9256, 0, 107.702, 0, 65.7768, -0, 
0, 71.9296, 0, 107.708, 0, 65.7783, -0, 
0, 71.9336, 0, 107.713, 0, 65.7799, -0, 
0, 71.9376, 0, 107.719, 0, 65.7814, -0, 
0, 71.9415, 0, 107.724, 0, 65.7829, -0, 
0, 71.9455, 0, 107.73, 0, 65.7844, -0, 
0, 71.9494, 0, 107.735, 0, 65.7859, -0, 
0, 71.9532, 0, 107.741, 0, 65.7873, -0, 
0, 71.957, 0, 107.746, 0, 65.7888, -0, 
0, 71.9608, 0, 107.751, 0, 65.7903, -0, 
0, 71.9646, 0, 107.756, 0, 65.7917, -0, 
0, 71.9683, 0, 107.761, 0, 65.7931, -0, 
0, 71.972, 0, 107.767, 0, 65.7945, -0, 
0, 71.9757, 0, 107.772, 0, 65.7959, -0, 
0, 71.9794, 0, 107.777, 0, 65.7973, -0, 
0, 71.983, 0, 107.782, 0, 65.7987, -0, 
0, 71.9866, 0, 107.787, 0, 65.8001, -0, 
0, 71.9901, 0, 107.792, 0, 65.8014, -0, 
0, 71.9936, 0, 107.796, 0, 65.8028, -0, 
0, 71.9971, 0, 107.801, 0, 65.8041, -0, 
0, 72.0006, 0, 107.806, 0, 65.8054, -0, 
0, 72.004, 0, 107.811, 0, 65.8067, -0, 
0, 72.0074, 0, 107.815, 0, 65.808, -0, 
0, 72.0108, 0, 107.82, 0, 65.8093, -0, 
0, 72.0141, 0, 107.825, 0, 65.8106, -0, 
0, 72.0174, 0, 107.829, 0, 65.8118, -0, 
0, 72.0207, 0, 107.834, 0, 65.8131, -0, 
0, 72.024, 0, 107.838, 0, 65.8143, -0, 
0, 72.0272, 0, 107.843, 0, 65.8155, -0, 
0, 72.0304, 0, 107.847, 0, 65.8168, -0, 
0, 72.0335, 0, 107.851, 0, 65.818, -0, 
0, 72.0367, 0, 107.856, 0, 65.8191, -0, 
0, 72.0398, 0, 107.86, 0, 65.8203, -0, 
0, 72.0428, 0, 107.864, 0, 65.8215, -0, 
0, 72.0459, 0, 107.869, 0, 65.8226, -0, 
0, 72.0489, 0, 107.873, 0, 65.8238, -0, 
0, 72.0518, 0, 107.877, 0, 65.8249, -0, 
0, 72.0548, 0, 107.881, 0, 65.826, -0, 
0, 72.0577, 0, 107.885, 0, 65.8271, -0, 
0, 72.0606, 0, 107.889, 0, 65.8282, -0, 
0, 72.0634, 0, 107.893, 0, 65.8293, -0, 
0, 72.0663, 0, 107.897, 0, 65.8304, -0, 
0, 72.069, 0, 107.901, 0, 65.8315, -0, 
0, 72.0718, 0, 107.904, 0, 65.8325, -0, 
0, 72.0745, 0, 107.908, 0, 65.8335, -0, 
0, 72.0772, 0, 107.912, 0, 65.8346, -0, 
0, 72.0799, 0, 107.915, 0, 65.8356, -0, 
0, 72.0825, 0, 107.919, 0, 65.8366, -0, 
0, 72.0852, 0, 107.923, 0, 65.8376, -0, 
0, 72.0877, 0, 107.926, 0, 65.8385, -0, 
0, 72.0903, 0, 107.93, 0, 65.8395, -0, 
0, 72.0928, 0, 107.933, 0, 65.8405, -0, 
0, 72.0953, 0, 107.937, 0, 65.8414, -0, 
0, 72.0977, 0, 107.94, 0, 65.8423, -0, 
0, 72.1002, 0, 107.943, 0, 65.8433, -0, 
0, 72.1026, 0, 107.947, 0, 65.8442, -0, 
0, 72.1049, 0, 107.95, 0, 65.8451, -0, 
0, 72.1073, 0, 107.953, 0, 65.846, -0, 
0, 72.1096, 0, 107.956, 0, 65.8468, -0, 
0, 72.1118, 0, 107.96, 0, 65.8477, -0, 
0, 72.1141, 0, 107.963, 0, 65.8485, -0, 
0, 72.1163, 0, 107.966, 0, 65.8494, -0, 
0, 72.1185, 0, 107.969, 0, 65.8502, -0, 
0, 72.1206, 0, 107.972, 0, 65.851, -0, 
0, 72.1227, 0, 107.975, 0, 65.8518, -0, 
0, 72.1248, 0, 107.977, 0, 65.8526, -0, 
0, 72.1269, 0, 107.98, 0, 65.8534, -0, 
0, 72.1289, 0, 107.983, 0, 65.8542, -0, 
0, 72.1309, 0, 107.986, 0, 65.8549, -0, 
0, 72.1329, 0, 107.989, 0, 65.8557, -0, 
0, 72.1348, 0, 107.991, 0, 65.8564, -0, 
0, 72.1367, 0, 107.994, 0, 65.8571, -0, 
0, 72.1386, 0, 107.996, 0, 65.8578, -0, 
0, 72.1405, 0, 107.999, 0, 65.8585, -0, 
0, 72.1423, 0, 108.001, 0, 65.8592, -0, 
0, 72.1441, 0, 108.004, 0, 65.8599, -0, 
0, 72.1458, 0, 108.006, 0, 65.8606, -0, 
0, 72.1475, 0, 108.009, 0, 65.8612, -0, 
0, 72.1492, 0, 108.011, 0, 65.8618, -0, 
0, 72.1509, 0, 108.013, 0, 65.8625, -0, 
0, 72.1525, 0, 108.016, 0, 65.8631, -0, 
0, 72.1541, 0, 108.018, 0, 65.8637, -0, 
0, 72.1557, 0, 108.02, 0, 65.8643, -0, 
0, 72.1572, 0, 108.022, 0, 65.8649, -0, 
0, 72.1588, 0, 108.024, 0, 65.8654, -0, 
0, 72.1602, 0, 108.026, 0, 65.866, -0, 
0, 72.1617, 0, 108.028, 0, 65.8666, -0, 
0, 72.1631, 0, 108.03, 0, 65.8671, -0, 
0, 72.1645, 0, 108.032, 0, 65.8676, -0, 
0, 72.1659, 0, 108.034, 0, 65.8681, -0, 
0, 72.1672, 0, 108.036, 0, 65.8686, -0, 
0, 72.1685, 0, 108.038, 0, 65.8691, -0, 
0, 72.1697, 0, 108.039, 0, 65.8696, -0, 
0, 72.171, 0, 108.041, 0, 65.8701, -0, 
0, 72.1722, 0, 108.043, 0, 65.8705, -0, 
0, 72.1734, 0, 108.044, 0, 65.871, -0, 
0, 72.1745, 0, 108.046, 0, 65.8714, -0, 
0, 72.1756, 0, 108.047, 0, 65.8718, -0, 
0, 72.1767, 0, 108.049, 0, 65.8722, -0, 
0, 72.1778, 0, 108.05, 0, 65.8726, -0, 
0, 72.1788, 0, 108.052, 0, 65.873, -0, 
0, 72.1798, 0, 108.053, 0, 65.8734, -0, 
0, 72.1807, 0, 108.054, 0, 65.8737, -0, 
0, 72.1817, 0, 108.056, 0, 65.8741, -0, 
0, 72.1826, 0, 108.057, 0, 65.8744, -0, 
0, 72.1834, 0, 108.058, 0, 65.8748, -0, 
0, 72.1843, 0, 108.059, 0, 65.8751, -0, 
0, 72.1851, 0, 108.06, 0, 65.8754, -0, 
0, 72.1859, 0, 108.062, 0, 65.8757, -0, 
0, 72.1866, 0, 108.063, 0, 65.876, -0, 
0, 72.1873, 0, 108.064, 0, 65.8762, -0, 
0, 72.188, 0, 108.065, 0, 65.8765, -0, 
0, 72.1887, 0, 108.065, 0, 65.8767, -0, 
0, 72.1893, 0, 108.066, 0, 65.877, -0, 
0, 72.1899, 0, 108.067, 0, 65.8772, -0, 
0, 72.1905, 0, 108.068, 0, 65.8774, -0, 
0, 72.191, 0, 108.069, 0, 65.8776, -0, 
0, 72.1915, 0, 108.069, 0, 65.8778, -0, 
0, 72.192, 0, 108.07, 0, 65.878, -0, 
0, 72.1924, 0, 108.071, 0, 65.8782, -0, 
0, 72.1928, 0, 108.071, 0, 65.8783, -0, 
0, 72.1932, 0, 108.072, 0, 65.8785, -0, 
0, 72.1936, 0, 108.072, 0, 65.8786, -0, 
0, 72.1939, 0, 108.073, 0, 65.8787, -0, 
0, 72.1942, 0, 108.073, 0, 65.8788, -0, 
0, 72.1944, 0, 108.073, 0, 65.8789, -0, 
0, 72.1946, 0, 108.074, 0, 65.879, -0, 
0, 72.1948, 0, 108.074, 0, 65.8791, -0, 
0, 72.195, 0, 108.074, 0, 65.8791, -0, 
0, 72.1952, 0, 108.074, 0, 65.8792, -0, 
0, 72.1953, 0, 108.074, 0, 65.8792, -0, 
0, 72.1953, 0, 108.075, 0, 65.8793, -0, 
0, 72.1954, 0, 108.075, 0, 65.8793, -0, 
0, 72.1954, 0, 108.075, 0, 65.8793, -0, 
